Timestamp,Node_ID,CPU_Utilization_%,Memory_Utilization_%,Inlet_Temp_C,CPU1_Temp_C,CPU2_Temp_C,Exhaust_Temp_C,CPU_Power_W,Memory_Power_W,System_Power_W,Clock_Speed_GHz,Voltage_V,Avg_Fan_Speed_RPM,Air_Flow_CFM
2024-02-01 00:00:00,52,58.9,29.9,17.6,53.2,52.9,46.5,106.3,47.3,192.4,2.6,1.18,3637,
2024-02-01 00:05:00,15,41.0,32.7,18.8,59.717655901154785,60.23394631760656,43.3,90.3,41.3,164.6,2.31,1.114,3085,
2024-02-01 00:10:00,61,9.6,5.2,17.2,32.8,35.0,33.0,66.0,37.0,134.8,2.13,1.026,2187,80.0
2024-02-01 00:15:00,21,79.8,,20.1,55.5,53.0,46.9,132.5,65.2,228.6,2.59,1.18,3750,124.5
2024-02-01 00:20:00,24,38.2,25.5,18.3,47.79900754925964,46.4,41.8,88.5,34.6,149.2,2.37,1.14,3321,127.3
2024-02-01 00:25:00,3,23.7,14.2,18.5,35.7,35.4,34.9,83.7,39.1,151.6,2.25,1.075,2349,92.9
2024-02-01 00:30:00,22,47.1,43.0,17.4,44.0,45.3,40.9,100.5,49.7,178.7,2.31,1.129,3030,120.0
2024-02-01 00:35:00,53,11.2,7.8,17.9,34.5,34.2,,61.2,,130.0,2.25,1.06,2305,92.9
2024-02-01 00:40:00,2,49.3,31.6,17.9,49.9,49.9,45.5,101.8,38.7,183.5,2.36,1.132,3709,130.4
2024-02-01 00:45:00,30,28.7,17.8,19.4,41.1,41.1,39.7,150.78025342121953,43.2,221.51771550588794,2.32,1.147,2844,106.4
2024-02-01 00:50:00,38,76.3,60.4,18.3,53.1,53.8,49.4,124.2,58.2,218.6,2.42,1.157,3563,128.1
2024-02-01 00:55:00,2,50.3,32.0,18.4,48.1,46.8,43.1,107.3,,196.1,2.3,1.076,3474,115.2
2024-02-01 01:00:00,64,18.6,14.5,18.4,37.0,36.1,31.8,147.39381571650887,39.2,245.40662124927127,2.2,1.094,2540,80.9
2024-02-01 01:05:00,60,79.2,55.4,18.5,50.5,53.5,42.3,115.8,54.3,198.8,2.4,1.134,3366,121.8
2024-02-01 01:10:00,21,57.2,46.7,16.9,53.4,54.5,47.7,101.5,47.5,193.4,2.36,1.107,3860,136.1
2024-02-01 01:15:00,33,66.3,39.2,19.6,56.0,57.6,46.8,115.3,48.3,206.4,2.33,1.095,3849,132.3
2024-02-01 01:20:00,58,37.7,22.8,17.3,45.0,45.5,41.3,86.4,40.1,152.5,2.16,1.047,3290,115.6
2024-02-01 01:25:00,22,15.3,10.2,18.0,39.6,39.9,35.7,56.8,25.7,130.0,2.37,,2803,114.3
2024-02-01 01:30:00,49,50.1,34.0,19.2,51.3,52.5,50.4,95.7,42.2,169.1,2.3,1.136,3606,109.4
2024-02-01 01:35:00,59,14.2,9.4,19.5,39.0,40.6,36.8,73.6,27.9,144.5,2.13,1.015,2853,106.9
2024-02-01 01:40:00,42,84.2,82.2,18.6,54.8,56.5,49.3,135.9,58.7,226.9,2.53,1.18,3723,137.5
2024-02-01 01:45:00,60,76.5,70.1,17.6,54.2,54.6,45.5,134.7,63.9,229.3,2.4,1.137,3661,
2024-02-01 01:50:00,15,41.8,30.6,18.1,49.6,51.6,42.4,94.5,40.4,166.5,2.27,1.085,3656,117.5
2024-02-01 01:55:00,62,69.6,51.8,18.1,52.6,49.4,48.8,120.2,58.5,206.0,2.59,1.18,3758,129.6
2024-02-01 02:00:00,62,55.9,37.7,18.2,47.0,48.8,42.0,112.4,37.8,173.4,2.41,1.18,3287,113.5
2024-02-01 02:05:00,47,78.0,46.0,17.0,54.9,48.5423721147089,54.3,140.15068429802358,49.2,242.93924931251053,2.57,1.18,3948,140.6
2024-02-01 02:10:00,62,90.5,61.6,19.0,59.6,60.9,53.3,124.3,54.7,205.5,2.6,1.18,4221,138.3
2024-02-01 02:15:00,51,49.3,38.5,18.1,48.9,48.5,44.7,100.3,39.4,195.8,2.36,1.126,3571,128.7
2024-02-01 02:20:00,55,31.3,26.2,17.4,44.5,43.0,37.8,97.5,41.8,178.1,2.24,1.077,2960,98.3
2024-02-01 02:25:00,64,73.1,58.8,17.6,50.8,51.8,47.7,123.5,49.0,222.5,2.35,1.117,3544,122.4
2024-02-01 02:30:00,3,98.0,53.1,18.2,61.8,60.1,53.4,141.1,55.0,228.5,2.56,1.18,4458,
2024-02-01 02:35:00,51,0.3699539491679804,5.2,16.9,37.0,36.9,35.0,64.4,35.9,131.6,2.13,1.036,2886,
2024-02-01 02:40:00,7,41.6,22.7,18.7,43.3,42.5,41.2,96.7,41.5,186.9,2.24,1.081,2970,106.6
2024-02-01 02:45:00,21,-1.107637953262153,45.3,18.2,51.1,51.3,,99.3,52.4,189.7,2.5,1.18,3594,115.3
2024-02-01 02:50:00,39,6.7,5.0,19.3,35.3,37.0,36.4,59.1,37.4,130.0,2.22,1.051,2524,93.4
2024-02-01 02:55:00,18,41.6,,18.1,40.7,40.5,36.1,87.8,42.9,170.7,2.39,1.154,2692,99.6
2024-02-01 03:00:00,4,36.4,27.3,17.1,41.1,42.1,40.9,99.8,38.2,183.0,2.27,1.061,2863,85.3
2024-02-01 03:05:00,60,35.8,35.5,17.0,43.4,45.0,36.9,81.9,42.9,148.4,2.2,1.058,2824,103.6
2024-02-01 03:10:00,14,86.9,63.3,17.7,58.5,58.1,53.9,126.3,55.5,220.6,2.6,,4039,132.7
2024-02-01 03:15:00,9,34.8,23.5,17.8,41.1,40.7,37.3,91.6,35.4,151.1,2.3,1.108,2751,86.5
2024-02-01 03:20:00,53,11.0,6.2,17.5,37.0,39.6,32.7,61.7,,143.0,2.22,1.061,2660,86.4
2024-02-01 03:25:00,2,56.8,48.5,18.1,45.6,45.9,38.1,107.3,54.4,198.6,2.43,1.144,3157,94.6
2024-02-01 03:30:00,60,38.7,26.4,17.5,47.6,48.9,42.6,92.8,33.5,166.4,2.32,1.097,3293,113.2
2024-02-01 03:35:00,44,31.9,27.9,18.2,48.1,49.4,43.0,80.5,38.4,152.2,2.42,1.18,3608,118.9
2024-02-01 03:40:00,8,24.5,20.0,17.6,61.766751474957346,61.682501490013685,16.075939813337712,77.5,,131.8,2.17,1.082,3241,
2024-02-01 03:45:00,47,26.4,17.2,18.5,44.5,43.9,,73.6,39.3,144.4,2.21,1.019,3415,117.6
2024-02-01 03:50:00,35,88.4,,17.8,59.7,60.8,51.8,141.8,57.4,240.0,2.6,1.18,4214,141.4
2024-02-01 03:55:00,36,32.8,23.9,19.0,37.0,34.4,37.8,88.3,43.0,182.2,2.27,1.091,2754,85.7
2024-02-01 04:00:00,50,67.1,42.6,18.5,52.3,52.5,46.2,105.3,45.7,188.2,2.43,1.18,3523,120.7
2024-02-01 04:05:00,4,31.4,,18.2,41.4,40.6,,86.1,38.4,154.0,2.24,1.057,2820,111.5
2024-02-01 04:10:00,2,23.8,19.3,17.8,43.6,45.8,39.9,80.4,31.7,151.4,2.27,1.105,3075,121.5
2024-02-01 04:15:00,6,32.6,17.2,16.8,35.5,36.6,32.3,68.2,31.2,141.0,2.24,1.066,2718,94.4
2024-02-01 04:20:00,54,60.1,43.7,19.1,50.6,52.9,46.0,118.8,53.9,208.8,2.37,1.162,3486,122.3
2024-02-01 04:25:00,4,81.4,63.4,17.5,54.7,55.1,,117.2,65.8,218.5,2.56,1.18,3598,132.2
2024-02-01 04:30:00,54,54.6,42.8,18.1,52.0,52.3,46.1,120.4,45.7,202.8,2.38,1.144,3693,121.6
2024-02-01 04:35:00,63,1.2039865441788586,23.9,18.3,29.53533908289156,50.4,42.9,57.6571942902918,41.0,177.0,2.23,1.044,3534,127.4
2024-02-01 04:40:00,18,2.583628898543289,32.6,17.9,31.759585432358147,42.9,38.3,63.4292510991894,48.3,171.7,2.32,1.139,2962,124.3
2024-02-01 04:45:00,44,2.266644484251879,53.1,19.1,31.921006629903342,52.9,43.1,59.066290119026206,45.6,204.0,2.53,1.18,3337,
2024-02-01 04:50:00,34,1.7927050384470105,39.3,17.0,31.359603730047017,50.8,45.9,62.46136397777754,42.4,171.3,2.43,1.172,3305,122.7
2024-02-01 04:55:00,62,2.2694512807582528,10.7,19.4,31.9616563640485,43.0,39.7,57.01392640630473,44.8,148.4,2.3,1.131,3244,125.6
2024-02-01 05:00:00,14,42.9,35.2,18.5,45.9,50.4,40.9,103.8,41.0,172.3,2.26,,3231,121.6
2024-02-01 05:05:00,48,77.2,,17.8,50.50068654498013,50.4,46.0,118.7,50.0,213.2,2.57,1.18,3567,123.5
2024-02-01 05:10:00,15,50.0,,17.8,45.7,46.7,41.9,99.4,39.1,172.4,2.3,1.111,3123,101.3
2024-02-01 05:15:00,62,49.6,33.7,16.2,48.0,49.9,42.1,107.3,35.2,181.9,2.25,1.06,3568,124.5
2024-02-01 05:20:00,40,85.0,64.3,17.3,65.78478769059882,66.7740640709329,51.8,142.79023538247844,59.3,221.78418672140367,2.46,1.174,3998,132.2
2024-02-01 05:25:00,53,58.5,47.3,17.7,47.49933386945739,46.8,42.7,99.4,,176.9,2.4,1.177,2096,104.8
2024-02-01 05:30:00,24,50.9,38.4,18.1,45.8,48.8,40.5,104.2,48.2,183.1,2.44,1.177,3292,109.4
2024-02-01 05:35:00,26,28.8,22.7,19.0,39.3,39.4,35.2,84.4,39.8,169.8,2.27,1.061,2744,
2024-02-01 05:40:00,60,66.9,54.2,19.6,55.1,57.1,51.7,106.2,52.1,184.3,2.42,1.169,3818,122.1
2024-02-01 05:45:00,41,55.0,36.6,18.2,46.3,46.1,41.1,92.9,43.9,167.8,2.29,1.121,3399,114.4
2024-02-01 05:50:00,29,61.3,42.0,18.2,48.9,49.3,44.8,93.6,,162.2,2.46,1.18,3443,
2024-02-01 05:55:00,15,58.8,49.1,17.6,48.2,51.4,41.1,104.7,47.2,197.8,2.47,1.18,3638,133.2
2024-02-01 06:00:00,45,55.9,32.0,16.6,44.1,45.3,42.3,104.3,40.2,174.8,2.4,1.141,3126,114.4
2024-02-01 06:05:00,65,80.9,60.3,17.5,52.6,52.6,46.2,128.8,52.3,218.9,2.42,1.165,3606,123.9
2024-02-01 06:10:00,9,19.0,11.9,17.8,43.4,42.9,40.4,81.8,38.2,160.4,2.26,1.048,2790,100.7
2024-02-01 06:15:00,1,64.1,52.3,18.8,47.4,47.0,42.6,108.0,55.1,191.6,2.52,1.18,3219,129.5
2024-02-01 06:20:00,8,51.9,36.2,18.4,45.1,47.4,41.9,100.8,46.4,167.1,2.48,1.18,3124,105.0
2024-02-01 06:25:00,63,47.6,33.3,18.2,42.9,44.5,40.1,92.0,,179.9,2.3,1.076,3246,127.7
2024-02-01 06:30:00,11,50.0,44.1,17.5,47.2,46.0,42.5,100.7,45.2,179.1,2.39,1.173,3247,103.3
2024-02-01 06:35:00,8,28.0,16.5,16.4,47.7,48.3,39.2,90.2,43.0,167.7,2.2,1.06,3591,112.7
2024-02-01 06:40:00,35,65.9,,16.5,51.1,51.5,48.1,113.6,,198.3,2.36,1.114,3400,118.8
2024-02-01 06:45:00,35,55.5,37.8,16.7,49.1,50.0,43.9,113.7,47.8,192.5,2.5,1.18,3322,117.1
2024-02-01 06:50:00,33,42.8,32.3,17.8,43.3,42.9,40.2,101.8,,180.4,2.36,1.11,3223,105.0
2024-02-01 06:55:00,5,25.0,22.5,18.8,62.94564870209647,64.50883845925438,39.1,91.6,37.7,166.8,2.33,1.097,2814,97.8
2024-02-01 07:00:00,41,42.9,27.3,18.8,49.4,49.9,43.9,95.4,37.0,160.8,2.22,1.039,3626,130.7
2024-02-01 07:05:00,28,57.0,32.7,18.6,49.7,43.43915436454122,46.1,101.3,40.3,175.8,2.41,1.134,3354,
2024-02-01 07:10:00,7,24.3,15.0,17.6,47.5,46.8,41.5,84.4,26.2,141.1,2.26,1.09,3223,122.2
2024-02-01 07:15:00,12,27.1,18.3,18.9,45.5,44.9,42.3,78.7,41.3,157.3,2.17,1.036,1820,125.6
2024-02-01 07:20:00,34,51.7,36.5,17.3,47.7,52.2,43.1,106.1,49.4,199.3,2.48,1.18,3223,124.0
2024-02-01 07:25:00,33,48.5,34.5,18.7,46.8,50.0,41.7,93.5,53.4,191.1,2.32,1.055,3245,107.6
2024-02-01 07:30:00,48,84.9,75.5,16.7,61.1,61.5,54.5,121.3,66.0,232.6,2.56,1.18,4300,143.8
2024-02-01 07:35:00,23,38.1,33.2,17.1,44.9,47.7,38.6,100.2,48.2,180.8,2.25,1.066,3125,109.4
2024-02-01 07:40:00,62,92.8,77.7,19.3,62.4,64.8,55.0,126.2,64.6,223.7,2.47,1.18,4245,146.0
2024-02-01 07:45:00,37,70.5,67.9,17.8,58.6,58.2,53.3,124.6,62.9,212.3,2.53,1.18,3894,133.9
2024-02-01 07:50:00,44,58.6,46.1,17.5,49.00087336174052,48.4,45.0,111.6,56.2,200.0,2.42,1.166,3653,
2024-02-01 07:55:00,35,29.6,24.2,18.9,43.5,45.0,42.8,84.4,41.8,158.8,2.27,1.085,3309,
2024-02-01 08:00:00,65,47.0,36.9,19.0,49.7,50.6,44.9,82.5,44.0,156.5,2.31,1.097,3529,117.3
2024-02-01 08:05:00,47,49.4,37.9,17.7,49.7,49.6,44.8,111.4,,187.4,2.38,,3443,112.3
2024-02-01 08:10:00,3,25.8,19.1,18.2,43.7,45.3,37.6,73.1,42.4,136.9,2.33,1.114,3055,98.6
2024-02-01 08:15:00,1,58.59475913819956,38.2,18.1,45.50787721585562,43.8,44.5,114.0,44.7,183.0,2.34,1.128,3325,
2024-02-01 08:15:00,1,58.0,38.2,18.1,45.5,43.8,44.5,114.0,44.7,183.0,2.34,1.128,3325,
2024-02-01 08:20:00,5,32.4,18.4,16.0,40.6,41.2,33.9,80.4,42.7,158.5,2.31,1.105,3025,114.3
2024-02-01 08:25:00,14,87.8,60.2,16.9,55.5,54.1,50.1,124.0,66.6,226.3,2.56,1.18,3783,133.9
2024-02-01 08:30:00,27,11.3,8.6,18.8,41.5,40.2,36.8,74.4,38.4,151.6,2.14,1.004,3092,117.1
2024-02-01 08:35:00,9,67.1,47.5,,48.1,47.5,43.6,118.0,55.1,206.0,2.3,1.112,3464,108.5
2024-02-01 08:40:00,15,73.8,43.4,,58.0,59.1,49.5,109.9,,196.2,2.47,1.18,4193,148.6
2024-02-01 08:45:00,42,16.3,11.1,,41.4,40.9,39.7,84.5,31.1,160.6,2.24,1.089,2687,98.3
2024-02-01 08:50:00,51,91.7,62.1,,61.4,60.1,53.1,131.7,53.6,219.9,2.58,1.18,4196,156.2
2024-02-01 08:55:00,63,67.3,46.7,,49.0,50.2,46.5,114.4,46.6,190.9,2.32,1.073,3409,117.0
2024-02-01 09:00:00,52,64.3,48.3,,51.3,54.0,44.5,109.1,54.5,189.1,2.52,1.18,3516,
2024-02-01 09:05:00,4,46.0,35.6,,47.4,48.9,44.9,88.0,44.1,173.5,2.46,1.167,3615,139.2
2024-02-01 09:10:00,23,28.4,18.4,,42.9,46.1,37.4,88.6,38.1,148.1,2.23,1.065,2963,104.1
2024-02-01 09:15:00,15,56.5,45.4,,50.0,52.6,43.9,107.5,52.5,188.4,2.57,,3572,
2024-02-01 09:20:00,43,69.9,57.3,18.2,51.7,51.4,46.6,109.5,51.6,199.4,2.38,1.153,3633,131.6
2024-02-01 09:25:00,29,35.2,25.8,18.5,44.2,45.6,38.6,95.7,39.1,154.5,2.17,1.055,3070,95.6
2024-02-01 09:30:00,36,16.7,12.9,18.1,42.3,42.6,36.9,73.8,37.4,141.3,2.1,,2879,103.0
2024-02-01 09:35:00,13,71.8,,18.1,49.4,51.5,43.1,118.0,54.5,208.5,2.48,1.18,3771,122.4
2024-02-01 09:40:00,32,80.3,46.9,17.6,59.7,60.1,54.0,138.4,50.1,220.5,2.36,1.132,4114,
2024-02-01 09:45:00,59,44.0,35.6,17.7,48.9,48.3,44.2,82.3,40.9,150.3,2.29,1.064,3560,123.0
2024-02-01 09:50:00,28,93.3,57.6,17.4,55.4,58.0,49.8,121.7,55.0,206.9,2.6,1.18,3861,131.3
2024-02-01 09:55:00,66,27.0,16.9,17.6,42.9,43.9,,70.4,45.9,157.8,2.11,1.035,2957,110.3
2024-02-01 10:00:00,42,53.0,38.2,18.5,51.0,50.5,47.2,105.3,45.0,199.9,2.32,1.114,3580,126.8
2024-02-01 10:05:00,45,48.5,23.0,18.6,43.4,43.2,41.8,95.9,34.6,166.7,2.26,1.123,3108,101.8
2024-02-01 10:10:00,62,47.7,34.3,17.0,46.999928921163665,46.5,43.7,95.9,50.2,165.2,2.32,1.1,3233,105.7
2024-02-01 10:15:00,57,40.2,32.3,17.3,44.8,43.8,40.3,84.7,47.2,171.4,2.27,1.133,3040,114.7
2024-02-01 10:20:00,6,36.2,19.1,17.4,42.1,41.9,36.0,102.3,39.7,173.8,2.23,1.064,3046,107.9
2024-02-01 10:25:00,28,9.4,7.7,17.9,37.6,38.7,30.7,83.5,26.9,136.6,2.13,,2693,85.0
2024-02-01 10:30:00,28,39.5,24.7,16.7,43.1,43.7,39.0,98.8,35.3,162.6,2.35,1.11,2940,101.3
2024-02-01 10:35:00,44,58.1,42.0,17.3,53.7,53.5,44.2,94.5,41.2,164.6,2.5,1.18,3603,125.5
2024-02-01 10:40:00,30,70.6,45.3,16.9,50.8,53.5,45.3,112.6,52.6,188.9,2.43,1.137,3604,116.9
2024-02-01 10:45:00,62,11.3,8.6,18.3,40.2,37.7,39.7,75.6,39.0,149.1,2.16,1.017,2559,86.9
2024-02-01 10:50:00,62,5.0,,18.0,31.3,32.2,27.0,63.6,34.6,147.8,2.16,1.03,2213,87.8
2024-02-01 10:55:00,1,2.8,5.0,17.6,35.2,35.5,30.0,69.4,,137.6,2.01,0.95,2534,111.0
2024-02-01 11:00:00,27,78.2,54.7,17.1,54.6,53.6,,132.6,52.4,234.3,2.48,1.18,4067,144.6
2024-02-01 11:05:00,62,59.9,39.0,17.6,49.4,50.4,39.0,123.2,45.9,205.8,2.36,1.164,3461,111.2
2024-02-01 11:10:00,3,76.1,52.7,17.5,52.8,53.0,48.3,115.7,54.3,204.2,2.56,1.18,3645,126.4
2024-02-01 11:15:00,70,96.1,73.9,19.3,57.0,59.4,,137.5,62.1,232.0,2.6,,4010,141.3
2024-02-01 11:20:00,27,69.3,53.5,18.8,54.6,56.4,47.5,111.9,56.6,197.0,2.38,1.133,3698,136.2
2024-02-01 11:25:00,9,10.9,8.3,17.4,40.7,44.1,35.2,55.0,30.5,130.0,2.26,1.085,2849,108.1
2024-02-01 11:30:00,62,49.1,27.8,18.1,47.0,46.8,43.9,104.9,35.5,179.6,2.23,1.054,3307,127.8
2024-02-01 11:35:00,37,55.6,38.8,18.8,45.6,48.2,39.2,109.0,38.5,163.1,2.39,1.156,3301,116.7
2024-02-01 11:40:00,51,64.3,40.7,17.4,56.4,55.2,52.2,107.0,50.7,213.1,2.44,1.16,3829,134.4
2024-02-01 11:45:00,44,30.9,23.8,16.9,40.1,40.4,34.4,71.9,38.1,130.5,2.14,0.997,2838,86.1
2024-02-01 11:50:00,24,30.5,18.9,16.6,38.2,38.0,38.5,81.3,32.7,144.8,2.19,1.067,5000,80.1
2024-02-01 11:55:00,59,35.5,,19.0,37.8,39.2,36.3,94.2,38.8,147.6,2.2,1.066,2766,88.0
2024-02-01 12:00:00,32,27.9,18.7,17.8,42.3,43.6,38.7,93.0,48.2,174.0,2.13,0.979,2950,98.3
2024-02-01 12:05:00,52,77.1,38.7,18.2,53.6,52.8,51.7,115.9,41.9,189.1,2.27,1.079,4024,131.6
2024-02-01 12:10:00,62,64.6,51.5,17.5,54.2,55.7,50.8,120.5,56.8,208.2,2.41,,3835,125.8
2024-02-01 12:15:00,58,13.0,9.1,17.0,40.1,40.0,37.4,75.4,36.2,149.0,2.16,1.026,2709,105.7
2024-02-01 12:20:00,52,42.5,35.4,17.1,46.5,45.8,38.4,97.3,52.7,183.0,2.3,1.091,3102,94.7
2024-02-01 12:25:00,12,69.8,36.6,16.9,51.6,52.1,45.0,105.5,45.9,190.6,2.51,1.18,3708,128.7
2024-02-01 12:30:00,39,30.8,20.6,18.7,46.0,44.3,44.1,141.80497848191413,,244.30835738749516,2.1,,3505,130.4
2024-02-01 12:35:00,2,41.9,28.4,19.2,51.1,53.0,43.7,86.9,47.7,170.2,2.28,1.086,3795,130.8
2024-02-01 12:40:00,3,85.9,62.6,18.0,59.5,59.9,51.8,126.1,56.9,213.0,2.6,1.18,3952,149.0
2024-02-01 12:45:00,56,88.2,,16.8,55.7,56.1,47.8,145.0,,235.6,2.6,1.18,3907,132.1
2024-02-01 12:50:00,59,80.8,61.1,18.4,57.5,57.9,52.5,119.3,61.6,218.1,2.58,1.18,4171,159.7
2024-02-01 12:55:00,2,37.2,33.5,19.0,43.1,35.68854480524331,41.4,95.9,50.1,176.9,2.2,1.032,2838,88.7
2024-02-01 13:00:00,2,22.3,16.7,18.8,37.2,40.0,36.4,74.1,49.4,157.6,2.2,1.026,2805,110.8
2024-02-01 13:05:00,54,36.7,,18.0,41.5,44.0,36.3,93.2,43.1,162.1,2.1,1.002,2827,93.7
2024-02-01 13:10:00,1,73.2,40.6,17.8,52.2,52.6,47.8,118.0,55.5,217.3,2.51,1.18,3616,138.7
2024-02-01 13:15:00,19,13.5,8.3,18.0,63.82455332489394,64.18082817312947,33.8,72.2,31.7,144.8,2.28,1.071,2787,95.8
2024-02-01 13:20:00,2,78.9,54.8,19.0,60.9,61.4,54.2,126.1,57.4,219.3,2.38,1.109,4388,161.8
2024-02-01 13:25:00,53,13.4,8.6,18.6,35.7,36.7,34.2,141.43922581309243,,233.70979857851705,2.07,0.97,2776,109.4
2024-02-01 13:30:00,44,59.4,,17.7,66.23220977952437,67.03295637926944,50.5,110.5,54.0,198.7,2.39,1.175,3706,125.6
2024-02-01 13:35:00,32,74.7,56.4,17.7,52.7,53.7,43.2,129.6,57.3,230.5,2.49,1.18,3609,135.1
2024-02-01 13:40:00,70,42.6,41.8,17.6,39.6,38.6,36.5,88.0,,166.8,2.27,1.081,2725,97.3
2024-02-01 13:45:00,32,51.6,30.8,17.1,46.4,38.76839975621015,44.8,110.8,40.8,195.3,2.29,1.08,3376,107.5
2024-02-01 13:50:00,68,53.4,37.5,19.1,51.9,51.4,47.4,100.6,48.0,180.9,2.3,1.113,3774,136.5
2024-02-01 13:55:00,55,20.4,,17.4,41.1,42.4,37.7,73.4,25.0,137.2,2.2,1.047,3044,100.0
2024-02-01 14:00:00,56,52.5,24.5,18.4,49.3,50.7,,107.6,40.5,192.6,2.41,1.14,3496,118.0
2024-02-01 14:05:00,17,37.3,28.9,17.5,48.3,49.9,46.4,87.1,48.1,162.8,2.28,1.071,3443,114.3
2024-02-01 14:10:00,38,54.39626818766085,41.8,17.6,46.15376300412485,46.7,40.5,107.0,55.3,189.3,2.37,1.141,3183,115.8
2024-02-01 14:10:00,38,55.5,41.8,17.6,45.8,46.7,40.5,107.0,55.3,189.3,2.37,1.141,3183,115.8
2024-02-01 14:15:00,24,34.2,20.8,17.9,40.4,37.8,36.8,89.1,35.5,161.8,2.13,1.02,2838,
2024-02-01 14:20:00,69,4.0,5.0,18.4,29.2,28.0,,55.0,39.1,130.0,2.19,1.02,2243,80.0
2024-02-01 14:25:00,70,27.4,17.4,17.8,44.5,44.8,40.7,85.3,43.9,149.6,2.23,1.091,3172,104.0
2024-02-01 14:30:00,11,70.1,45.4,17.1,54.2,54.9,51.5,104.6,39.7,188.7,2.42,1.145,3710,124.7
2024-02-01 14:35:00,16,52.4,34.9,18.0,50.3,52.7,43.6,91.0,46.3,183.1,2.38,1.097,3684,133.4
2024-02-01 14:40:00,59,39.9,24.2,17.4,41.4,42.0,38.0,94.8,42.0,162.4,2.23,1.097,2837,108.5
2024-02-01 14:45:00,70,24.1,15.1,19.2,36.2,35.3,34.5,83.6,44.4,151.5,2.19,1.042,2603,
2024-02-01 14:50:00,3,57.6,36.1,17.8,45.4,46.9,39.7,115.7,47.7,193.2,2.4,1.157,3010,106.7
2024-02-01 14:55:00,20,71.2,53.0,17.5,50.0,50.5,45.0,108.2,60.8,214.0,2.4,1.18,3360,118.2
2024-02-01 15:00:00,59,74.0,30.2,19.6,58.2,58.1,55.0,113.3,39.7,184.7,2.34,1.099,4047,140.1
2024-02-01 15:05:00,36,71.0,48.0,,55.7,53.8,46.6,120.5,43.6,199.8,2.31,1.115,3778,136.2
2024-02-01 15:10:00,19,7.5,5.0,,35.5,36.1,31.9,75.8,29.0,142.4,2.17,1.06,2498,98.9
2024-02-01 15:15:00,67,50.9,30.0,,48.6,49.5,44.4,102.2,,190.0,2.35,1.107,3590,125.1
2024-02-01 15:20:00,19,11.1,7.2,,35.7,34.7,32.4,61.9,37.9,146.7,2.15,1.054,2531,95.3
2024-02-01 15:25:00,20,45.1,31.5,,47.4,49.0,48.7,108.1,55.8,193.2,2.23,1.038,3460,112.1
2024-02-01 15:30:00,52,16.2,10.9,,35.6,37.1,34.2,70.8,27.7,132.7,2.18,1.038,2425,94.3
2024-02-01 15:35:00,33,78.3,46.1,,56.8,57.4,48.8,120.8,55.9,213.6,2.46,1.158,4037,143.0
2024-02-01 15:40:00,40,22.5,17.4,,38.1,38.6,30.5,66.5,41.6,142.7,2.16,1.046,2554,83.6
2024-02-01 15:45:00,39,2.5,,,38.0,40.0,35.4,67.8,,130.0,2.11,0.984,2665,104.0
2024-02-01 15:50:00,1,68.1,42.4,17.9,50.7,51.8,,121.3,53.0,197.5,2.46,1.17,3638,118.0
2024-02-01 15:55:00,11,21.3,15.5,17.5,38.0,37.4,37.5,71.4,37.7,132.1,2.35,1.106,2699,80.0
2024-02-01 16:00:00,57,39.4,28.9,17.6,49.7,49.9,44.3,105.6,45.3,191.7,2.34,1.097,3621,134.1
2024-02-01 16:05:00,50,56.5,35.9,17.9,49.7,51.0,43.8,100.5,49.6,178.5,2.45,1.16,3577,129.0
2024-02-01 16:10:00,23,14.3,5.6,18.9,37.6,35.1,33.6,76.5,37.4,152.6,2.26,1.079,2628,84.6
2024-02-01 16:15:00,31,32.8,19.9,17.1,45.49907298459295,44.6,43.2,88.0,39.4,163.1,2.2,,3392,
2024-02-01 16:20:00,42,61.2,43.9,16.2,46.3,47.8,42.6,92.8,58.6,178.6,2.38,1.136,3318,
2024-02-01 16:25:00,7,55.3,42.7,17.2,52.2,54.5,50.4,108.6,48.1,184.2,2.3,1.089,3607,129.0
2024-02-01 16:30:00,16,-0.40741468859321195,41.0,18.8,49.4,51.4,44.4,111.0,57.9,205.0,2.34,1.114,3481,142.2
2024-02-01 16:35:00,60,29.1,18.9,16.7,44.1,45.9,,69.2,32.9,137.7,2.21,1.024,3119,103.8
2024-02-01 16:40:00,2,61.7,58.1,17.5,45.8,46.5,43.3,121.6,51.2,211.7,2.35,1.112,3249,97.1
2024-02-01 16:45:00,1,38.9,,18.7,43.6,42.5,41.2,94.8,,163.1,2.31,1.102,3051,97.1
2024-02-01 16:50:00,48,58.2,44.5,18.0,49.6,49.8,43.8,116.5,54.8,199.5,2.43,1.169,3527,105.9
2024-02-01 16:55:00,12,4.3,5.0,18.9,39.2,36.7,37.1,55.0,28.2,130.0,2.02,0.962,2896,120.3
2024-02-01 17:00:00,69,21.1,12.3,16.4,42.3,44.8,38.2,73.6,43.0,162.9,2.18,1.016,3051,108.3
2024-02-01 17:05:00,37,35.9,27.6,17.7,42.8,42.1,38.8,98.2,39.8,158.0,2.26,1.086,3079,
2024-02-01 17:10:00,32,25.2,20.4,19.1,42.3,42.0,37.2,67.6,41.2,137.4,2.11,1.007,2969,102.8
2024-02-01 17:15:00,9,48.1,31.7,17.1,50.8,52.9,41.5,95.4,47.5,182.6,2.28,1.118,3420,113.4
2024-02-01 17:20:00,19,32.3,16.4,18.8,42.5,40.6,41.4,89.1,32.3,158.1,2.33,1.086,2829,87.1
2024-02-01 17:25:00,48,70.8,48.3,17.8,51.8,50.5,47.5,143.28128117479991,44.8,248.090016685326,2.52,1.18,3511,120.5
2024-02-01 17:30:00,3,22.4,16.1,18.3,34.9,35.8,29.8,67.3,38.7,137.6,2.08,1.011,2432,94.5
2024-02-01 17:35:00,20,29.4,20.9,19.0,41.5,42.8,39.6,94.6,38.0,154.7,2.28,1.087,3185,111.0
2024-02-01 17:40:00,24,32.8,21.0,18.3,38.0,38.4,37.6,86.7,41.9,177.0,2.15,1.005,2886,90.1
2024-02-01 17:45:00,54,74.9,51.2,17.5,53.4,53.8,49.5,129.3,46.3,219.3,2.44,1.155,3636,133.1
2024-02-01 17:50:00,33,36.8,22.8,,47.2,49.6,41.1,90.9,38.5,164.2,2.28,1.104,3378,126.0
2024-02-01 17:55:00,24,55.4,32.3,,42.5,43.9,37.3,123.9,43.6,195.8,2.44,1.138,2989,102.1
2024-02-01 18:00:00,36,56.8,44.2,,52.9,54.1,,143.76022362045097,37.7,235.63302953033153,2.37,1.128,3728,125.7
2024-02-01 18:05:00,38,1.8354025632217859,31.2,,30.483443200307036,46.7,42.5,56.5347816706979,49.0,191.2,2.24,1.052,3084,95.8
2024-02-01 18:10:00,25,1.7946791752240008,38.4,,31.778270173256626,49.0,45.3,55.338347742003606,43.5,179.4,2.29,1.077,3765,
2024-02-01 18:15:00,18,2.7562198430735383,23.2,,30.64071641454678,46.2,44.5,62.45513950746298,47.9,173.2,2.29,1.105,3277,112.2
2024-02-01 18:20:00,66,1.3633561187991332,25.2,,30.67252049592414,36.1,32.6,59.38787433189872,37.9,180.4,2.23,1.059,2729,80.0
2024-02-01 18:25:00,54,1.4090630043710244,20.6,,31.944859253552462,42.5,36.6,59.288233547520065,36.7,168.6,2.21,1.06,2734,85.9
2024-02-01 18:30:00,35,30.4,26.8,,48.9,50.7,40.8,84.0,35.8,145.5,2.33,1.09,3565,130.0
2024-02-01 18:35:00,61,84.0,64.6,18.0,52.7,53.6,48.7,127.2,64.8,227.6,2.55,1.18,3499,120.6
2024-02-01 18:40:00,41,43.3,27.3,18.5,41.1,41.7,39.8,98.6,44.5,174.0,2.44,1.176,3031,98.6
2024-02-01 18:45:00,33,46.2,29.2,18.4,47.0,47.2,45.6,101.0,50.1,188.5,2.25,1.1,3317,117.7
2024-02-01 18:50:00,68,38.2,23.5,18.2,44.3,38.12657192816398,40.7,82.3,39.5,156.3,2.23,1.059,2904,96.7
2024-02-01 18:55:00,33,64.3,43.7,18.6,50.1,50.5,41.6,113.3,49.4,221.4,2.44,1.177,3485,117.7
2024-02-01 19:00:00,14,59.2,36.4,17.8,49.8,49.2,44.9,109.9,38.0,186.3,2.54,1.18,3391,117.5
2024-02-01 19:05:00,21,50.4,37.8,17.5,49.5,51.4,45.6,92.5,43.9,170.3,2.29,,3493,136.6
2024-02-01 19:10:00,48,32.9,13.9,16.8,41.5,44.3,35.8,93.6,37.1,180.4,2.27,1.118,2940,118.1
2024-02-01 19:15:00,20,80.4,60.8,17.7,55.7,53.3,49.5,127.6,59.3,223.5,2.6,1.18,3676,113.4
2024-02-01 19:20:00,8,50.6,36.9,18.7,50.70063117640934,54.8,17.517354996355152,119.1,55.7,197.7,2.36,1.132,3498,122.7
2024-02-01 19:25:00,7,23.6,19.7,17.2,37.9,36.9,33.6,78.7,29.6,142.3,2.3,1.092,2781,87.7
2024-02-01 19:30:00,67,30.8,24.4,18.2,35.69937692282531,34.8,34.9,93.7,42.1,175.8,2.41,1.146,2661,86.9
2024-02-01 19:35:00,17,21.0,13.2,17.9,42.3,40.9,40.0,81.1,34.1,154.1,2.23,1.094,2930,89.5
2024-02-01 19:40:00,33,48.7,,17.5,54.7,55.2,46.3,114.3,47.5,204.8,2.38,1.128,3880,129.1
2024-02-01 19:45:00,48,78.9,,16.5,54.7,53.3,47.6,115.3,,206.3,2.55,1.18,3853,125.5
2024-02-01 19:50:00,59,49.6,24.6,19.1,48.0,46.8,43.8,95.7,40.1,171.5,2.28,1.067,3359,126.8
2024-02-01 19:55:00,22,55.6,39.9,18.4,48.0,47.5,44.0,97.0,42.3,163.1,2.26,1.1,3438,114.5
2024-02-01 20:00:00,30,50.2,31.8,20.1,52.3,53.0,46.2,99.5,37.7,184.5,2.36,1.131,3515,108.3
2024-02-01 20:05:00,38,32.7,22.9,18.9,42.9,43.8,40.3,77.2,39.0,148.7,2.21,1.051,3030,107.6
2024-02-01 20:10:00,51,42.8,,19.1,45.1,47.5,,82.0,39.7,148.9,2.4,1.118,2935,103.1
2024-02-01 20:15:00,54,58.1,42.1,16.6,52.300792988068295,54.6,41.8,89.4,48.4,193.8,2.42,1.152,3643,126.0
2024-02-01 20:20:00,8,48.8,29.0,16.6,45.8,47.8,,81.5,41.8,171.7,2.43,1.15,3431,125.9
2024-02-01 20:25:00,27,53.0,42.5,18.0,44.4,44.5,39.2,107.7,36.9,176.0,2.27,1.119,3079,119.2
2024-02-01 20:30:00,27,9.9,7.3,17.1,40.1,37.9,38.0,64.3,42.9,130.0,2.23,1.066,3040,105.8
2024-02-01 20:35:00,21,87.7,50.9,17.5,55.1,52.9,50.9,120.3,53.3,202.8,2.35,1.115,3798,135.4
2024-02-01 20:40:00,30,66.2,35.2,20.0,48.6,50.6,41.0,107.7,33.6,189.0,2.34,,3245,112.8
2024-02-01 20:45:00,28,27.4,16.4,19.0,48.1,49.9,44.6,77.7,38.6,152.7,2.29,1.067,3476,126.6
2024-02-01 20:50:00,64,35.3,27.8,17.3,43.3,42.9,39.2,80.5,41.5,146.2,2.24,1.098,3121,99.0
2024-02-01 20:55:00,69,61.4,41.0,16.1,51.8,50.2,46.7,121.9,41.9,205.1,2.37,1.162,3969,143.9
2024-02-01 21:00:00,61,43.9,31.1,17.2,46.100196336943775,45.0,40.5,106.4,45.5,185.3,2.33,,3090,111.9
2024-02-01 21:05:00,48,30.4,,17.6,40.0,40.7,36.5,97.1,33.0,159.8,2.37,1.177,2884,95.1
2024-02-01 21:10:00,19,19.8,15.6,17.7,42.0,42.8,40.7,77.2,38.0,145.6,2.05,0.972,3026,125.2
2024-02-01 21:15:00,4,52.5,25.7,17.0,49.1,51.1,44.5,104.3,38.0,187.8,2.46,1.18,3597,115.7
2024-02-01 21:20:00,35,33.6,21.2,18.9,41.4,41.3,38.0,81.7,35.0,156.1,2.37,1.148,3008,109.6
2024-02-01 21:25:00,64,73.2,54.5,17.4,54.6,54.7,,111.8,54.4,189.3,2.43,1.151,3764,124.5
2024-02-01 21:30:00,49,54.5,31.7,18.5,47.1,49.3,44.9,103.7,36.2,177.8,2.32,1.112,3144,116.1
2024-02-01 21:35:00,17,48.3,36.9,18.0,43.8,41.1,37.3,103.8,46.2,185.9,2.33,1.123,3135,127.2
2024-02-01 21:40:00,44,48.5,29.5,18.8,43.5,39.45061164165605,38.2,108.4,46.6,186.6,2.29,1.067,3124,117.0
2024-02-01 21:45:00,30,31.1,17.8,17.8,62.10953834465204,60.47895584675,37.0,80.5,44.3,156.9,2.28,1.097,3167,111.3
2024-02-01 21:50:00,46,77.5,64.8,17.3,53.2,54.8,48.2,112.0,64.6,204.7,2.53,1.18,3672,136.5
2024-02-01 21:55:00,6,31.9,22.8,17.5,47.5,48.7,45.3,91.4,47.0,168.1,2.14,1.004,3373,114.4
2024-02-01 22:00:00,37,58.1,,17.5,49.4,48.8,43.9,91.9,47.4,176.7,2.32,1.104,3227,118.2
2024-02-01 22:05:00,24,26.6,21.5,19.7,39.3,39.0,34.2,81.0,,148.3,2.14,0.997,2632,95.1
2024-02-01 22:10:00,46,60.9,25.9,18.1,50.7,47.7,49.1,109.4,45.7,194.5,2.42,1.151,5112,
2024-02-01 22:15:00,53,29.5,22.6,18.0,38.5,40.1,15.436431278662262,80.6,37.6,146.9,2.32,,2760,112.3
2024-02-01 22:20:00,60,7.8,5.0,18.7,36.7,30.23259561821311,34.5,55.0,32.3,130.0,2.05,1.008,2684,106.1
2024-02-01 22:25:00,63,53.3,33.8,18.0,49.300961004794,44.981681934651185,44.2,99.7,48.9,194.2,2.44,1.161,3362,111.9
2024-02-01 22:30:00,32,62.9,46.9,18.9,51.3,51.2,47.8,123.5,,219.6,2.34,1.11,3479,130.8
2024-02-01 22:35:00,33,80.3,53.2,17.7,59.0,60.9,53.3,129.0,56.6,224.7,2.56,1.18,4036,131.8
2024-02-01 22:40:00,67,62.3,47.5,17.6,58.4,57.3,51.3,119.2,52.4,211.0,2.39,1.11,4094,146.8
2024-02-01 22:45:00,18,30.8,21.5,17.2,44.7,41.2,40.0,74.9,34.0,140.0,2.22,1.012,3251,115.4
2024-02-01 22:50:00,25,43.8,31.4,19.5,49.5,49.8,42.9,97.1,50.0,186.5,2.41,1.127,3428,134.4
2024-02-01 22:55:00,54,83.0,53.8,17.9,63.4,63.0,54.3,137.2833734601827,56.3,229.08644833577586,2.6,,4143,147.4
2024-02-01 23:00:00,58,24.7,14.6,17.1,38.2,37.1,34.4,80.7,34.8,130.0,2.07,0.984,2771,86.7
2024-02-01 23:05:00,67,60.3,37.5,18.2,50.5,52.3,47.9,112.7,44.6,189.7,2.45,1.18,3571,133.9
2024-02-01 23:10:00,46,64.3,44.3,17.5,49.6,52.0,42.8,112.6,47.9,200.6,2.44,1.138,3548,121.4
2024-02-01 23:15:00,24,67.5,60.3,17.7,54.4,55.1,50.6,104.5,57.4,196.2,2.49,1.18,3922,133.5
2024-02-01 23:20:00,32,15.6,,18.2,39.7,36.09716825289167,34.9,77.4,28.7,147.1,2.06,0.95,2931,104.6
2024-02-01 23:25:00,47,66.8,42.2,19.2,49.3,49.9,41.2,120.2,55.1,200.7,2.35,1.129,3655,123.9
2024-02-01 23:30:00,23,28.5,20.2,18.1,42.2,41.7,39.6,93.4,,179.7,2.19,1.017,2982,120.4
2024-02-01 23:35:00,66,32.7,21.9,17.4,46.3,47.6,45.2,97.0,39.0,184.1,2.28,1.085,3189,119.4
2024-02-01 23:40:00,27,50.0,35.7,17.6,43.6,41.8,38.0,103.8,44.0,177.3,2.29,1.1,3229,105.1
2024-02-01 23:45:00,2,40.0,29.1,18.5,42.6,41.5,,82.8,43.0,167.0,2.27,1.079,3143,105.6
2024-02-01 23:50:00,17,39.3,29.7,16.4,42.0,41.3,39.1,79.2,44.1,158.5,2.36,1.086,2930,93.9
2024-02-01 23:55:00,33,85.9,34.0,17.2,57.4,58.8,15.018497096878846,126.9,43.8,209.2,2.6,1.18,4162,153.2
2024-02-02 00:00:00,9,23.3,17.2,18.2,44.6,44.6,41.7,136.2531608080204,42.7,249.94703656556766,2.28,1.079,3148,111.1
2024-02-02 00:05:00,43,29.5,19.4,16.6,36.3,38.9,35.7,90.4,31.6,159.7,2.32,1.076,2781,91.6
2024-02-02 00:10:00,48,37.0,23.2,17.7,44.5,46.2,41.2,91.8,36.9,169.8,2.27,1.101,3395,132.4
2024-02-02 00:15:00,39,23.4,18.3,17.6,38.0991290620396,37.4,36.6,78.4,42.1,145.5,2.15,1.039,3101,114.1
2024-02-02 00:20:00,42,28.7,24.5,18.7,45.2,46.6,42.9,98.2,42.7,181.7,2.22,1.053,3189,114.5
2024-02-02 00:25:00,26,89.0,68.7,17.8,56.5,56.4,52.7,135.8,57.5,240.0,2.54,1.18,4148,146.0
2024-02-02 00:30:00,50,82.1,53.0,18.9,55.899155649296866,57.1,50.5,125.0,55.9,208.5,2.42,1.144,4023,129.9
2024-02-02 00:35:00,25,46.4,27.2,18.1,46.6,48.4,43.9,92.0,38.3,162.7,2.4,1.152,3415,125.0
2024-02-02 00:40:00,24,98.7194572405506,96.58732528456657,19.4,66.39614041256804,55.6,48.7,100.1,38.9,179.5,2.52,1.18,3793,129.7
2024-02-02 00:45:00,13,98.33335016768531,95.0596607493903,16.9,64.46697914013038,58.9,52.7,138.99608720000575,57.2,225.48351631042183,2.45,1.18,4183,153.0
2024-02-02 00:50:00,60,99.68412545389101,95.180761618142,19.3,62.824872903025316,53.6,52.1,113.1,60.9,198.1,2.57,1.18,3342,123.2
2024-02-02 00:55:00,7,98.77817081551659,96.79154968843353,17.7,62.58063657182984,45.2,40.6,100.5,46.3,183.0,2.44,1.18,3101,109.6
2024-02-02 01:00:00,57,39.0,31.1,19.2,45.7,46.4,38.7,91.0,38.7,162.1,2.21,1.08,3116,109.5
2024-02-02 01:05:00,36,35.2,19.7,18.9,66.88198570913063,69.17551982545639,37.6,85.5,37.0,149.8,2.14,1.027,2812,
2024-02-02 01:10:00,45,61.3,41.8,16.0,53.1,52.7,46.9,115.0,49.3,210.1,2.37,1.117,3493,112.4
2024-02-02 01:15:00,20,37.4,25.2,18.4,47.6,48.8,42.7,104.4,48.6,188.0,2.29,1.08,3263,110.8
2024-02-02 01:20:00,65,27.0,18.6,18.8,40.1,40.8,38.8,75.0,29.5,147.4,2.14,1.026,2815,109.6
2024-02-02 01:25:00,8,83.7,68.9,19.1,53.6,54.5,50.7,121.6,56.6,203.8,2.6,1.18,3770,144.2
2024-02-02 01:30:00,16,69.1,47.6,17.1,51.4,52.7,46.1,97.5,57.1,194.3,2.6,1.18,3594,125.4
2024-02-02 01:35:00,14,60.2,40.2,18.5,50.4,51.2,42.8,107.9,54.9,206.3,2.42,1.161,3681,123.8
2024-02-02 01:40:00,15,87.6,52.7,18.2,57.9,61.4,52.1,129.1,53.4,215.5,2.46,1.18,3889,130.9
2024-02-02 01:45:00,66,90.0,75.6,18.3,50.7,50.5,44.8,139.2,71.7,240.0,2.59,,3258,103.8
2024-02-02 01:50:00,32,50.2,27.6,18.8,44.6,45.8,,99.4,38.7,162.7,2.27,1.081,3222,130.1
2024-02-02 01:55:00,63,24.0,15.4,18.9,39.8,39.9,36.4,74.5,29.4,132.0,2.31,,2812,99.2
2024-02-02 02:00:00,51,74.5,,17.5,51.2,48.0,48.6,121.1,,215.9,2.45,1.176,3572,129.4
2024-02-02 02:05:00,25,65.6,,18.2,42.8,43.0,39.7,117.0,58.6,202.7,2.49,1.18,2914,107.6
2024-02-02 02:10:00,58,42.0,29.3,18.0,39.8,38.9,35.5,80.7,49.6,159.1,2.38,1.123,2959,117.2
2024-02-02 02:15:00,63,67.4,47.3,17.8,47.9,48.3,40.6,122.0,47.0,205.2,2.48,1.176,3300,113.3
2024-02-02 02:20:00,62,15.7,9.4,17.9,38.6,39.0,35.4,83.0,35.2,155.5,2.32,1.094,2607,90.8
2024-02-02 02:25:00,22,54.5,37.8,18.2,47.3,48.4,42.9,108.0,51.2,202.9,2.39,1.129,3573,132.4
2024-02-02 02:30:00,58,32.7,21.7,17.5,41.3,41.0,37.2,78.7,41.3,148.8,2.22,1.073,3022,93.0
2024-02-02 02:35:00,58,31.6,22.7,18.7,45.3,45.2,42.9,82.7,47.5,165.4,2.09,1.011,3181,124.6
2024-02-02 02:40:00,49,31.8,,19.0,45.3,46.9,38.6,94.9,35.7,162.3,2.08,1.017,2823,114.7
2024-02-02 02:45:00,52,89.1,66.1,17.3,57.7,57.0,50.1,123.4,59.4,213.9,2.6,1.18,3980,141.3
2024-02-02 02:50:00,42,16.712984824840305,15.0,19.1,40.14219970800575,37.8,37.0,79.9,37.9,150.4,2.18,1.053,2832,
2024-02-02 02:50:00,42,18.6,15.0,19.1,40.0,37.8,37.0,79.9,37.9,150.4,2.18,1.053,2832,
2024-02-02 02:55:00,70,50.3,34.2,17.3,45.0,45.8,39.7,99.9,49.5,182.8,2.29,1.11,3387,126.4
2024-02-02 03:00:00,15,46.3,35.6,18.7,44.4,46.5,39.8,98.4,45.0,180.4,2.24,1.104,2862,100.6
2024-02-02 03:05:00,54,65.4,47.9,19.1,46.2,47.8,42.0,105.6,56.2,194.2,2.49,1.174,3482,123.9
2024-02-02 03:10:00,60,26.0,16.6,17.9,40.8,41.5,,83.5,45.5,173.8,2.15,0.986,2949,106.7
2024-02-02 03:15:00,8,53.2,31.3,17.4,50.7,53.0,45.5,104.6,41.5,167.5,2.5,1.18,3362,113.5
2024-02-02 03:20:00,53,63.3,38.2,17.5,54.9,57.0,45.3,98.5,46.4,188.3,2.6,1.18,3963,141.6
2024-02-02 03:25:00,60,34.9,25.5,18.3,43.0,43.0,38.1,87.9,46.3,166.2,2.2,1.029,2996,
2024-02-02 03:30:00,5,25.0,17.3,19.6,42.7,43.6,40.2,84.9,47.4,165.8,2.28,1.099,2765,81.3
2024-02-02 03:35:00,68,75.6,63.0,16.6,45.3,46.3,42.6,117.4,61.5,213.8,2.51,1.162,3122,113.6
2024-02-02 03:40:00,6,46.6,36.5,18.1,45.3,45.7,42.9,77.7,42.5,160.8,2.25,1.113,3228,122.6
2024-02-02 03:45:00,47,3.8,5.0,17.9,34.6,36.8,34.3,62.1,33.2,130.0,2.04,0.95,2482,85.3
2024-02-02 03:50:00,55,37.9,27.6,17.6,48.9,49.2,44.5,102.0,47.2,179.0,2.28,1.042,3526,119.6
2024-02-02 03:55:00,40,83.8,50.2,17.9,57.1,56.9,,124.2,48.5,211.8,2.43,1.166,4139,149.8
2024-02-02 04:00:00,52,75.5,55.4,17.6,55.4,49.26536058686255,47.7,131.8,49.6,202.8,2.56,1.18,3693,129.6
2024-02-02 04:05:00,16,54.8,38.7,19.0,50.0,49.3,41.0,97.3,45.7,177.8,2.35,1.156,3498,118.8
2024-02-02 04:10:00,13,63.5,36.9,19.1,58.10212749612843,59.141649079110095,43.4,101.5,49.9,180.0,2.33,1.131,3476,125.0
2024-02-02 04:15:00,30,56.5,46.7,18.1,53.7,54.2,47.0,105.2,44.2,176.3,2.38,,3561,125.4
2024-02-02 04:20:00,19,19.4,15.9,17.9,32.9,31.6,28.0,69.0,33.7,130.0,2.23,1.064,2355,80.0
2024-02-02 04:25:00,17,53.3,30.9,17.6,48.80071945017565,50.2,43.5,105.3,45.3,191.8,2.31,1.09,3483,121.9
2024-02-02 04:30:00,63,45.6,28.9,18.1,49.8,51.9,44.1,93.5,48.4,178.2,2.17,1.008,3559,126.8
2024-02-02 04:35:00,19,58.6,37.6,19.5,58.044932468289204,58.09382682617408,42.2,118.7,48.4,196.7,2.4,1.16,3039,
2024-02-02 04:40:00,58,48.7,37.2,17.9,49.699026150772774,48.7,43.0,95.4,48.6,177.7,2.25,1.094,3328,125.0
2024-02-02 04:45:00,55,34.0,25.6,17.3,41.2,42.1,37.9,87.9,46.5,160.7,2.21,1.037,2818,104.5
2024-02-02 04:50:00,62,62.4,43.9,17.7,50.9,54.3,45.1,114.7,57.8,203.1,2.45,1.168,3280,113.8
2024-02-02 04:55:00,23,40.7,29.7,18.6,42.8,45.7,37.2,100.2,50.8,184.4,2.26,1.073,2844,102.5
2024-02-02 05:00:00,9,35.2,19.9,17.4,46.7,45.1,40.8,100.0,28.7,164.2,2.26,1.069,3113,107.4
2024-02-02 05:05:00,12,87.2,,18.0,55.9,54.3,46.1,127.9,59.5,225.6,2.6,1.18,4023,139.0
2024-02-02 05:10:00,1,63.0,43.4,18.4,53.3,51.2,49.5,107.2,54.1,181.9,2.39,1.13,3846,133.4
2024-02-02 05:15:00,58,81.6,51.3,17.5,56.70029416866178,55.5,,110.0,61.6,209.7,2.6,1.18,4266,134.7
2024-02-02 05:20:00,1,68.4,36.9,16.6,49.7,50.6,44.2,131.1,49.8,202.1,2.5,1.18,3518,124.1
2024-02-02 05:25:00,34,52.2,36.7,17.1,49.6,49.2,44.8,104.6,42.2,185.3,2.29,1.102,3398,122.5
2024-02-02 05:30:00,48,3.4,5.0,17.3,33.9,33.1,30.8,68.7,28.6,130.6,2.08,0.978,2425,107.2
2024-02-02 05:35:00,1,18.9,9.9,17.8,39.9,42.0,35.0,79.6,30.9,154.3,2.09,1.01,2803,103.6
2024-02-02 05:40:00,16,31.8,22.3,18.0,42.0,43.3,39.8,85.8,41.6,157.0,2.31,1.093,2874,97.2
2024-02-02 05:45:00,61,88.2,62.9,18.7,59.7,57.7,54.2,133.3,55.9,230.5,2.6,1.18,4198,133.5
2024-02-02 05:50:00,64,23.1,14.8,17.0,42.4,44.4,32.8,74.0,25.0,130.0,2.19,1.026,3022,99.0
2024-02-02 05:55:00,63,10.7,7.9,18.5,37.6,38.8,32.7,66.1,27.7,130.0,2.0,0.97,2659,
2024-02-02 06:00:00,69,38.2,26.2,17.7,42.5,43.8,34.7,83.0,39.6,141.2,2.32,1.074,2955,101.3
2024-02-02 06:05:00,22,17.1,,16.6,35.5,35.1,35.8,86.2,28.8,157.0,2.12,1.008,2626,92.3
2024-02-02 06:10:00,67,17.8,13.4,18.0,39.9,40.1,36.2,78.7,,157.5,2.13,1.005,2741,94.8
2024-02-02 06:15:00,26,29.0,22.0,19.1,40.399889467300845,35.063523806857745,37.6,99.0,50.1,178.6,2.27,1.084,2797,98.1
2024-02-02 06:20:00,16,13.0,10.5,18.7,32.6,34.4,29.8,88.8,34.7,159.5,2.26,1.058,2413,83.7
2024-02-02 06:25:00,51,56.6,41.6,17.9,45.2,44.2,15.51905951573295,94.0,,179.4,2.44,1.167,3329,117.8
2024-02-02 06:30:00,57,66.1,42.9,18.9,56.4,55.6,,120.7,52.7,196.0,2.46,,4064,134.9
2024-02-02 06:35:00,29,35.0,22.1,18.2,41.8,40.9,37.8,77.1,45.7,151.8,2.26,1.076,2913,93.7
2024-02-02 06:40:00,69,75.8,,18.8,57.2,60.4,54.9,122.0,61.3,211.8,2.37,1.13,3789,131.1
2024-02-02 06:45:00,47,23.7,17.0,16.7,39.9,39.4,36.7,81.5,46.2,181.9,2.25,1.08,2780,102.8
2024-02-02 06:50:00,62,31.8,26.7,17.0,46.7,48.6,39.3,75.2,44.2,162.7,2.32,1.11,3289,107.4
2024-02-02 06:55:00,69,42.9,28.4,18.6,49.2000531033258,49.7,44.8,88.4,35.1,156.8,2.27,,3281,111.4
2024-02-02 07:00:00,16,60.6,45.3,19.2,47.7,46.9,44.4,111.4,45.4,198.0,2.37,1.127,3299,115.5
2024-02-02 07:05:00,48,91.2,56.7,18.3,51.8,50.8,46.6,134.4,53.5,224.6,2.6,1.18,3804,132.1
2024-02-02 07:10:00,39,25.3,18.2,17.6,35.6,35.2,32.1,72.1,40.7,152.6,2.2,1.111,2563,98.1
2024-02-02 07:15:00,33,76.4,63.6,17.3,51.7,52.1,50.0,115.5,59.1,201.2,2.46,1.176,3530,131.9
2024-02-02 07:20:00,23,56.1,43.3,17.7,54.7,56.1,46.8,139.04580168965555,42.1,230.06059590867048,2.37,1.156,4926,135.7
2024-02-02 07:25:00,10,34.0,18.2,19.0,42.3,42.1,,77.6,,136.4,2.32,1.123,2997,116.3
2024-02-02 07:30:00,69,62.0,,17.7,50.9,50.7,49.2,106.6,52.5,188.4,2.43,1.18,3506,120.6
2024-02-02 07:35:00,34,53.7,41.1,18.8,52.3,51.5,44.9,110.9,49.1,199.7,2.39,1.114,3772,139.1
2024-02-02 07:40:00,52,60.8,43.7,18.5,50.5,49.2,45.2,117.5,48.6,203.9,2.53,1.18,3261,110.5
2024-02-02 07:45:00,10,54.3,41.8,19.4,48.8,47.4,43.6,118.1,51.2,204.5,2.34,1.097,3491,125.4
2024-02-02 07:50:00,19,44.1,27.0,18.2,47.9,49.9,45.9,98.7,48.4,188.8,2.24,1.076,3274,120.9
2024-02-02 07:55:00,58,46.4,,18.0,47.5,47.2,45.9,98.6,46.3,170.6,2.41,1.137,3488,123.4
2024-02-02 08:00:00,1,50.7,41.4,18.9,47.4,47.2,40.5,104.5,43.9,198.2,2.37,1.093,3134,103.4
2024-02-02 08:05:00,69,44.7,36.1,17.3,44.0,43.5,42.7,99.6,55.8,186.4,2.28,1.07,3241,101.3
2024-02-02 08:10:00,4,12.9,,17.6,38.5,38.5,38.0,57.4,33.5,130.0,2.14,1.025,2613,
2024-02-02 08:15:00,16,32.6,19.8,16.7,46.4,47.5,42.0,101.2,39.2,190.2,2.16,1.012,3310,114.8
2024-02-02 08:20:00,24,60.6,35.8,17.0,55.5,55.3,51.6,93.0,42.8,165.2,2.42,1.18,3796,131.6
2024-02-02 08:25:00,2,27.6,19.6,19.5,42.8,43.5,41.4,91.2,33.5,167.9,2.12,0.988,3187,124.9
2024-02-02 08:30:00,32,53.8,38.7,18.6,50.7,47.03368138557792,45.4,103.5,42.5,179.2,2.42,1.162,3519,116.4
2024-02-02 08:35:00,24,28.8,19.9,16.9,43.0,42.3,38.8,74.3,32.9,135.5,2.2,1.043,2926,110.1
2024-02-02 08:40:00,12,79.0,48.6,19.0,54.5,54.3,50.3,127.4,36.8,196.2,2.38,1.145,4009,134.4
2024-02-02 08:45:00,50,59.0,44.0,17.4,51.3,52.8,43.0,106.2,49.0,194.8,2.48,1.18,3544,123.4
2024-02-02 08:50:00,35,62.0,44.1,18.5,54.1,56.8,48.0,104.1,55.4,202.6,2.59,1.18,3849,126.3
2024-02-02 08:55:00,33,84.2,61.5,18.5,53.4,52.0,,116.3,52.8,205.9,2.56,1.18,3868,129.6
2024-02-02 09:00:00,33,57.8,44.0,19.3,45.1,43.0,44.1,94.5,62.6,179.3,2.37,1.125,3040,111.3
2024-02-02 09:05:00,61,38.4,25.8,17.6,43.0,43.5,38.5,85.8,48.5,174.4,2.22,1.07,3097,120.2
2024-02-02 09:10:00,51,33.9,22.0,17.4,44.1,44.4,40.6,84.0,,157.6,2.29,1.11,3190,116.4
2024-02-02 09:10:00,51,34.441447069713526,22.0,17.4,43.838649690232856,44.4,40.6,84.0,,157.6,2.29,1.11,3190,116.4
2024-02-02 09:15:00,43,54.4,44.4,16.0,51.2,52.8,45.5,93.8,44.4,164.4,2.42,1.18,3349,120.7
2024-02-02 09:20:00,12,88.6,55.0,17.9,54.2,55.5,48.2,131.2,46.7,215.7,2.54,1.18,3827,154.6
2024-02-02 09:25:00,67,31.0,20.2,18.6,35.3,35.7,33.2,76.3,38.5,158.9,2.33,1.112,2466,93.4
2024-02-02 09:30:00,65,49.6,41.1,18.7,45.9,47.9,40.3,102.5,48.8,186.4,2.47,1.18,3467,114.8
2024-02-02 09:35:00,33,37.6,24.2,19.0,43.8,43.3,39.7,99.9,39.9,182.2,2.19,1.004,3218,100.5
2024-02-02 09:40:00,40,7.2,5.0,18.2,33.3,34.1,30.6,68.1,,144.4,2.16,1.026,2453,
2024-02-02 09:45:00,43,41.5,27.3,18.4,43.1,41.8,38.6,92.5,49.8,181.0,2.16,1.042,2735,86.6
2024-02-02 09:50:00,44,39.2,20.1,18.1,47.4,47.8,43.8,87.1,41.4,161.0,2.23,1.086,3393,111.8
2024-02-02 09:55:00,29,31.2,21.5,18.6,43.0,41.4,38.5,96.6,42.3,180.4,2.31,1.063,2922,106.5
2024-02-02 10:00:00,13,17.5,,17.3,40.4,39.2,40.2,72.4,33.1,147.9,2.18,1.015,2992,114.7
2024-02-02 10:05:00,12,92.3,67.0,16.9,57.0,60.1,52.2,145.0,60.1,240.0,2.43,1.116,3942,135.8
2024-02-02 10:10:00,46,25.3,20.6,17.3,39.1,36.8,33.1,70.7,41.3,144.6,2.31,,2692,86.8
2024-02-02 10:15:00,2,56.8,26.6,18.2,48.1,48.3,44.7,107.8,40.4,191.0,2.34,1.124,3309,115.8
2024-02-02 10:20:00,35,13.0,8.5,17.0,39.7,33.801647824012306,34.9,81.7,,156.9,2.23,1.095,2760,96.5
2024-02-02 10:25:00,8,48.9,,17.5,42.8,46.6,39.2,93.6,41.2,162.0,2.39,1.143,2815,101.4
2024-02-02 10:30:00,26,48.2,22.7,17.5,52.0,52.8,45.4,96.6,36.5,165.1,2.27,1.132,3450,112.1
2024-02-02 10:35:00,34,32.4,27.2,18.6,44.8,45.7,36.5,90.9,37.0,158.7,2.33,1.097,3104,103.4
2024-02-02 10:40:00,7,76.2,56.4,18.5,52.399961380043145,53.0,47.3,124.1,52.0,195.2,2.51,1.18,3896,144.7
2024-02-02 10:45:00,68,54.0,43.9,18.1,50.9,53.0,43.1,107.6,48.3,199.0,2.38,1.15,3669,135.1
2024-02-02 10:50:00,58,48.4,31.0,18.4,50.8,51.9,46.7,108.0,49.1,216.9,2.3,1.088,3672,138.4
2024-02-02 10:55:00,29,52.5,34.3,18.4,47.1,46.8,43.2,99.2,45.6,189.5,2.27,1.095,3488,108.1
2024-02-02 11:00:00,36,21.3,14.5,17.7,39.70087663939661,41.8,35.2,88.5,30.1,154.9,2.17,1.034,2853,94.7
2024-02-02 11:05:00,21,78.6,72.7,17.6,59.1,58.9,55.0,109.1,,195.7,2.46,1.175,4040,149.3
2024-02-02 11:10:00,36,72.1,60.4,19.2,59.4,57.5,50.9,126.3,55.1,209.0,2.53,1.18,4064,146.9
2024-02-02 11:15:00,10,96.6,69.0,16.0,59.2,57.4,51.5,145.0,65.2,240.0,2.45,1.18,3992,143.0
2024-02-02 11:20:00,24,62.4,45.3,17.4,47.1,47.3,40.4,103.7,57.4,203.9,2.53,1.18,3430,118.1
2024-02-02 11:25:00,64,4.8,5.0,17.8,34.8,35.5,36.3,55.0,25.0,130.0,2.25,1.051,2346,80.0
2024-02-02 11:30:00,49,22.7,21.6,18.4,43.8,45.7,42.7,76.3,41.6,173.4,2.16,1.032,3398,120.2
2024-02-02 11:35:00,36,18.4,13.6,18.9,36.5,38.0,31.0,77.9,34.1,136.0,2.3,1.089,2465,85.2
2024-02-02 11:40:00,24,3.5625977847689034,5.0,19.5,66.01314659204891,68.20665264629592,31.4,60.6,30.6,130.0,2.04,0.95,2710,101.2
2024-02-02 11:40:00,24,4.1,5.0,19.5,65.9485204608355,68.20665264629592,31.4,60.6,30.6,130.0,2.04,0.95,2710,101.2
2024-02-02 11:45:00,23,69.8,46.4,17.9,53.3,55.4,46.4,119.9,45.6,201.0,2.54,1.18,3907,137.2
2024-02-02 11:50:00,62,79.9,57.9,18.0,52.2,52.7,46.0,139.5,55.0,229.5,2.43,1.18,3742,123.6
2024-02-02 11:55:00,37,17.8,11.4,18.3,42.7,41.3,37.0,63.3,29.6,130.0,2.27,1.099,3259,120.4
2024-02-02 12:00:00,12,39.7,29.8,17.6,47.0,45.2,41.4,76.1,42.1,153.9,2.18,1.07,3270,125.7
2024-02-02 12:05:00,55,68.6,37.7,17.1,58.2,60.6,54.0,145.43538488316113,,244.6131849639313,2.53,1.18,4064,152.7
2024-02-02 12:10:00,13,52.5,35.3,17.9,50.5,47.6,49.5,96.5,49.0,190.9,2.47,1.18,3564,130.9
2024-02-02 12:15:00,23,0.6,5.0,18.6,32.3,32.5,27.1,56.7,41.8,146.4,1.99,0.95,2407,92.4
2024-02-02 12:20:00,30,35.2,26.0,17.8,45.4,50.4,39.2,98.3,44.3,174.6,2.42,1.12,2921,94.7
2024-02-02 12:25:00,17,34.2,22.3,18.3,46.5,47.7,42.7,86.4,40.9,149.2,2.35,,3252,109.7
2024-02-02 12:30:00,62,50.1,33.9,16.5,50.7,50.8,42.4,99.9,48.0,185.4,2.19,1.041,3672,127.7
2024-02-02 12:35:00,13,58.9,47.7,18.0,47.40009108121712,45.4,43.5,103.7,47.6,188.5,2.36,1.135,3271,120.4
2024-02-02 12:40:00,59,79.7,45.7,17.7,52.2,55.2,48.1,123.5,40.1,199.5,2.58,1.18,3944,133.3
2024-02-02 12:45:00,19,26.9,15.4,17.0,38.3,40.6,36.5,83.7,40.9,163.9,2.29,1.103,2740,95.5
2024-02-02 12:50:00,49,28.2,17.0,18.5,46.9,48.4,43.6,104.8,28.7,179.6,2.25,1.12,3368,123.4
2024-02-02 12:55:00,12,65.7,45.9,19.5,59.55221427799184,61.61776562034572,47.1,114.8,56.3,212.7,2.5,1.18,3952,139.5
2024-02-02 13:00:00,61,13.0,7.2,18.8,35.8,37.1,32.9,79.7,37.0,155.9,2.09,1.0,2572,95.1
2024-02-02 13:05:00,19,61.4,49.1,18.8,50.7,51.0,43.6,110.6,47.8,199.5,2.41,1.162,3778,126.4
2024-02-02 13:10:00,9,67.4,40.6,18.6,51.5,50.5,47.5,97.7,46.1,180.8,2.37,1.142,3686,
2024-02-02 13:15:00,28,40.9,29.6,18.5,42.3,44.3,42.0,88.2,43.3,158.9,2.32,1.115,3075,105.4
2024-02-02 13:20:00,52,27.0,17.2,16.6,41.9,42.3,39.0,83.8,33.1,163.6,2.31,1.083,2824,
2024-02-02 13:25:00,16,52.0,36.0,17.9,48.6,49.9,42.6,107.4,48.9,192.1,2.42,1.178,3570,122.2
2024-02-02 13:30:00,69,64.6,34.3,18.4,56.9,57.3,53.2,113.4,48.6,189.4,2.44,1.18,3872,131.2
2024-02-02 13:35:00,12,8.7,7.0,18.4,35.2,36.4,37.4,74.3,25.9,130.0,2.22,1.044,2486,90.5
2024-02-02 13:40:00,25,67.6,40.5,19.0,46.79941304113121,47.2,43.1,102.4,,174.2,2.53,1.18,3474,139.2
2024-02-02 13:45:00,52,61.1,36.0,17.2,47.1,47.5,16.058185083173488,109.3,46.0,180.4,2.55,1.18,3254,119.8
2024-02-02 13:50:00,53,70.9,67.4,18.5,50.1,50.6,46.7,127.4,66.0,233.8,2.55,1.18,3556,111.0
2024-02-02 13:55:00,23,54.5,41.3,17.1,47.4,52.3,39.6,95.9,51.9,181.3,2.43,1.178,3315,120.0
2024-02-02 14:00:00,16,29.0,23.2,17.8,39.1,40.8,35.1,92.1,28.8,162.1,2.32,1.08,2771,94.9
2024-02-02 14:05:00,57,49.2,36.8,18.0,49.8,54.1,,107.9,45.1,197.4,2.37,1.107,3462,114.5
2024-02-02 14:10:00,39,75.7,49.4,18.7,50.6,51.1,47.5,110.7,54.6,207.6,2.46,1.137,3384,125.1
2024-02-02 14:15:00,53,61.3,34.5,18.6,50.4,50.4,47.0,111.7,41.5,193.3,2.48,1.18,3607,127.5
2024-02-02 14:20:00,42,14.6,9.8,18.1,44.6,43.5,40.4,72.9,30.0,140.2,2.23,1.05,3238,134.5
2024-02-02 14:25:00,58,53.7,32.1,16.3,50.1,53.0,43.9,145.40481269187012,40.7,229.56070696280796,2.39,1.143,3419,119.7
2024-02-02 14:30:00,39,35.7,21.5,18.4,45.3,44.4,37.9,76.3,38.2,148.5,2.26,1.074,3119,108.8
2024-02-02 14:35:00,14,64.0,34.2,17.8,56.6,59.8,50.7,109.1,40.5,189.3,2.4,1.17,4075,152.1
2024-02-02 14:40:00,5,35.8,25.5,19.1,47.7,46.7,41.5,87.4,44.8,159.5,2.25,1.086,3306,
2024-02-02 14:45:00,35,32.7,28.3,18.9,44.9,46.7,38.8,72.6,38.4,145.6,2.36,1.144,3173,104.0
2024-02-02 14:50:00,18,60.9,46.2,17.2,49.3,47.4,46.3,98.3,45.6,173.0,2.5,1.18,3321,110.3
2024-02-02 14:55:00,9,58.2,40.1,18.5,49.5,49.3,,99.1,46.1,189.6,2.48,1.18,3456,119.2
2024-02-02 15:00:00,58,43.9,30.5,18.5,45.8,46.3,40.7,86.7,51.1,178.6,2.24,1.086,3086,114.8
2024-02-02 15:05:00,17,81.4,30.9,18.4,54.1,53.7,45.6,127.7,46.5,226.3,2.48,1.18,3685,139.7
2024-02-02 15:10:00,7,73.2,48.0,18.3,53.9,54.2,46.9,143.3896552547046,54.5,254.2216975962356,2.45,1.147,3647,134.7
2024-02-02 15:15:00,46,26.3,14.5,18.5,42.6,42.9,41.0,78.5,37.9,146.3,2.18,1.019,3138,115.8
2024-02-02 15:20:00,13,84.0,60.0,19.2,52.3,54.0,48.2,133.3,52.3,221.0,2.6,1.18,3451,130.5
2024-02-02 15:25:00,40,67.4,45.4,17.6,56.8,54.1,49.9,121.6,47.2,198.0,2.47,1.18,3990,144.6
2024-02-02 15:30:00,42,4.8,5.0,17.3,37.4,37.1,34.5,63.1,28.2,130.6,2.15,1.024,2628,87.0
2024-02-02 15:35:00,9,14.3,10.2,18.6,37.8,32.52643719458446,30.8,74.7,40.0,149.3,2.13,1.016,2895,101.4
2024-02-02 15:40:00,50,68.9,49.0,16.5,52.9,54.2,43.1,113.4,53.5,198.0,2.51,1.18,3810,129.6
2024-02-02 15:45:00,27,39.2,33.7,18.5,67.284761316015,66.57962724096949,47.2,157.3622886218698,36.8,234.83561602020626,2.47,1.18,3154,121.9
2024-02-02 15:50:00,66,8.9,6.8,18.4,66.39937280519678,66.8028927285466,31.7,61.1,40.3,130.0,2.15,0.997,2270,80.0
2024-02-02 15:55:00,5,39.6,28.6,16.1,44.6,43.5,40.3,94.3,41.2,174.8,2.28,1.094,3137,103.7
2024-02-02 16:00:00,29,21.0,12.6,17.5,36.7,38.2,33.0,75.9,39.0,145.4,2.2,1.028,2530,92.3
2024-02-02 16:05:00,37,50.9,29.9,19.3,55.7,56.4,46.7,106.6,48.7,196.9,2.33,1.114,4017,156.0
2024-02-02 16:10:00,38,84.5,64.5,16.8,56.49906180563494,60.4,52.6,112.5,46.2,202.2,2.52,1.18,3962,144.6
2024-02-02 16:15:00,8,81.1,55.1,18.2,51.7,43.91340817007319,44.4,111.7,57.1,185.6,2.46,1.165,3587,134.6
2024-02-02 16:20:00,65,75.4,54.8,17.2,64.7,65.0,55.0,108.1,53.4,194.8,2.41,1.157,4624,
2024-02-02 16:25:00,17,6.8,5.5,17.4,35.1,36.6,32.7,66.8,,130.0,2.13,1.004,2330,89.7
2024-02-02 16:30:00,45,41.3,22.4,19.5,44.7,45.9,40.8,82.0,34.4,132.6,2.31,1.085,3107,
2024-02-02 16:35:00,4,79.0,66.9,18.1,54.3,55.5,46.3,125.7,57.8,220.4,2.47,1.18,3826,140.1
2024-02-02 16:40:00,36,22.5,18.0,18.4,38.1,38.2,32.6,84.0,42.4,157.2,2.33,1.093,2684,83.6
2024-02-02 16:45:00,70,22.3,10.8,17.9,41.3,42.6,,90.0,34.0,149.3,2.24,1.026,2455,85.8
2024-02-02 16:50:00,31,29.9,28.3,16.8,35.8,37.8,33.1,95.1,43.5,168.4,2.31,1.116,2606,80.0
2024-02-02 16:55:00,19,22.3,16.4,17.1,43.8,45.9,39.9,72.3,35.6,136.3,2.27,1.081,3164,105.1
2024-02-02 17:00:00,61,17.8,11.6,18.9,36.1,38.0,34.1,60.9,40.6,131.9,2.2,1.048,2419,80.0
2024-02-02 17:05:00,54,40.9,30.9,18.1,44.0,46.7,,87.7,46.5,170.7,2.32,1.114,2772,104.3
2024-02-02 17:10:00,39,65.7,39.2,17.4,53.7,55.9,,120.3,48.5,211.7,2.36,1.155,3643,128.9
2024-02-02 17:15:00,19,48.4,36.7,18.0,46.5,47.9,41.5,95.6,40.8,170.8,2.39,1.18,3235,110.8
2024-02-02 17:20:00,39,34.7,21.4,18.5,43.2,42.0,41.8,87.6,40.2,171.6,2.25,1.078,3029,108.6
2024-02-02 17:25:00,67,41.7,38.0,18.4,42.4,41.2,,88.9,61.0,176.5,2.26,1.055,2697,89.9
2024-02-02 17:30:00,45,71.4,50.4,17.4,59.1,59.3,54.0,129.8,56.7,222.7,2.56,1.18,4140,
2024-02-02 17:35:00,13,33.6,25.8,16.7,45.0,45.6,41.9,78.7,37.9,168.5,2.16,1.042,3320,116.7
2024-02-02 17:40:00,58,24.9,15.4,17.7,38.0,40.6,32.0,80.5,46.2,149.0,2.36,,2843,119.7
2024-02-02 17:45:00,20,30.4,23.9,18.9,43.1,39.5,38.2,93.2,36.8,152.0,2.38,1.144,3226,127.3
2024-02-02 17:50:00,61,14.4,10.1,18.7,35.099418138364854,34.1,30.6,86.3,,169.6,2.15,1.016,2328,91.8
2024-02-02 17:55:00,39,21.4,11.8,18.3,45.5,45.7,,71.5,35.1,143.4,2.35,1.107,3333,120.1
2024-02-02 18:00:00,1,73.2,49.4,17.9,53.9,52.9,49.1,126.3,53.2,209.6,2.4,,3620,130.7
2024-02-02 18:05:00,3,11.1,10.0,17.6,34.8,34.1,35.5,63.8,35.6,130.0,2.23,1.037,4917,103.5
2024-02-02 18:10:00,62,44.9,35.5,17.9,48.3,48.1,44.2,106.9,44.7,186.4,2.33,1.121,3277,118.2
2024-02-02 18:15:00,63,46.1,30.4,18.6,65.57058192837435,64.94390898627395,43.1,110.7,41.7,188.5,2.19,1.046,3265,118.3
2024-02-02 18:20:00,25,24.8,12.5,18.8,37.3,36.7,,72.7,29.0,137.8,2.17,1.04,2885,98.2
2024-02-02 18:25:00,56,71.3,,17.8,54.0,56.5,49.6,122.2,44.0,192.1,2.44,1.18,3904,131.3
2024-02-02 18:30:00,33,67.2,37.1,20.0,52.9,54.3,47.2,122.7,48.4,203.3,2.5,1.18,3552,124.2
2024-02-02 18:35:00,38,9.8,5.0,18.1,40.9,42.5,36.3,65.5,28.8,130.0,2.11,1.004,2721,80.0
2024-02-02 18:40:00,6,49.1,38.4,17.7,47.50056408549941,47.9,42.8,103.6,42.7,186.5,2.32,1.113,3447,121.3
2024-02-02 18:45:00,58,36.2,25.6,19.2,44.4,46.4,42.2,93.8,,175.8,2.32,1.105,3323,115.5
2024-02-02 18:50:00,44,59.0,52.5,16.4,50.2,52.0,43.6,123.3,66.1,225.0,2.43,1.178,3580,
2024-02-02 18:55:00,45,55.9,33.3,18.4,53.8,55.2,49.8,89.0,47.9,192.9,2.37,1.136,3674,138.9
2024-02-02 19:00:00,32,39.2,27.5,17.9,43.9,43.4,40.6,90.9,46.0,162.7,2.27,1.109,3098,130.5
2024-02-02 19:05:00,45,42.3,23.4,19.2,47.0,46.8,40.3,83.8,36.5,149.3,2.39,1.166,3363,123.4
2024-02-02 19:10:00,61,43.1,27.5,18.5,47.6,49.7,44.5,154.9295507101973,36.4,246.42943762669458,2.29,1.102,3328,118.8
2024-02-02 19:15:00,47,17.5,11.9,18.1,40.4,40.2,37.4,67.8,33.6,130.0,2.09,0.995,2724,92.9
2024-02-02 19:20:00,21,8.4,,18.5,36.1,34.6,32.3,64.7,32.5,130.0,2.11,1.0,2730,89.3
2024-02-02 19:25:00,36,27.2,19.2,17.2,42.2,41.9,38.7,74.7,42.2,154.4,2.28,1.099,3259,122.6
2024-02-02 19:30:00,19,35.1,28.1,18.8,43.5,46.3,38.8,89.3,33.5,156.4,2.26,1.091,3280,115.8
2024-02-02 19:35:00,20,57.8,45.7,16.9,55.3,55.0,50.1,114.9,61.3,219.6,2.35,1.119,3530,127.7
2024-02-02 19:40:00,57,18.4,11.4,18.3,38.2,39.2,34.9,71.8,36.4,141.2,2.09,1.002,2889,103.1
2024-02-02 19:45:00,18,66.2,46.1,18.0,48.8,48.4,41.1,124.4,43.0,199.8,2.42,1.144,3508,
2024-02-02 19:50:00,47,36.4,28.5,16.6,44.1,45.7,39.7,97.5,43.6,170.5,2.3,,3007,108.6
2024-02-02 19:55:00,49,53.7,43.4,18.1,48.2,49.5,,119.2,45.0,196.5,2.29,1.08,3085,112.9
2024-02-02 20:00:00,14,87.8,55.3,18.2,57.50036954651202,55.8,52.9,133.5,50.0,208.9,2.52,1.18,3985,147.0
2024-02-02 20:05:00,15,71.5,55.4,17.5,51.5,52.4,48.2,116.7,49.6,200.2,2.37,,3656,118.7
2024-02-02 20:10:00,31,87.9,64.6,17.2,57.3,55.3,50.3,117.7,57.8,202.7,2.53,1.18,3822,138.7
2024-02-02 20:15:00,1,22.3,13.1,18.4,41.0,40.6,36.0,71.6,46.4,143.3,2.35,1.125,3082,99.1
2024-02-02 20:20:00,54,59.8,46.9,18.3,52.7,53.1,44.1,106.2,51.6,187.6,2.41,1.161,3859,140.9
2024-02-02 20:25:00,3,45.5,32.5,18.2,46.6,49.9,40.7,95.7,48.1,182.4,2.2,1.022,3346,
2024-02-02 20:30:00,16,7.8,5.0,18.0,37.3,38.2,33.7,85.0,,158.1,2.17,1.061,2444,87.5
2024-02-02 20:35:00,57,67.5,45.2,17.5,53.4,52.8,45.4,112.4,49.6,202.3,2.54,1.18,3690,129.4
2024-02-02 20:40:00,12,12.0,8.4,19.8,40.6,40.6,39.3,55.4,,130.0,2.05,1.009,2982,107.2
2024-02-02 20:45:00,16,14.8,9.4,17.8,35.7,37.6,33.6,77.1,26.2,138.3,2.09,0.996,2648,103.7
2024-02-02 20:50:00,24,91.3,75.6,17.3,54.1,53.4,48.3,137.9,62.1,240.0,2.58,1.18,3666,136.9
2024-02-02 20:55:00,28,47.2,39.3,18.0,51.9,54.0,46.8,94.1,53.4,193.7,2.33,1.104,3543,131.8
2024-02-02 21:00:00,8,58.6,38.7,17.9,51.8,51.5,,123.9,52.1,200.8,2.49,1.18,3509,112.9
2024-02-02 21:05:00,36,90.9,59.0,17.7,57.1,56.2,52.4,117.6,,202.3,2.54,1.18,3930,142.3
2024-02-02 21:10:00,8,36.9,25.4,19.5,44.3,44.1,42.2,99.6,43.4,191.5,2.35,1.099,3047,89.0
2024-02-02 21:15:00,58,88.6,60.2,17.1,56.000873806899165,54.1,49.5,128.6,56.4,223.6,2.6,1.18,3798,116.2
2024-02-02 21:20:00,60,18.9,,18.0,40.4,37.6,36.7,67.5,33.0,134.0,2.13,1.027,2837,
2024-02-02 21:25:00,50,26.0,8.1,17.1,38.6,39.0,35.7,100.0,29.9,162.5,2.29,1.082,2745,86.6
2024-02-02 21:30:00,28,54.7,48.4,17.6,51.20042068686596,51.6,45.8,109.7,44.4,190.9,2.34,1.104,3743,130.0
2024-02-02 21:35:00,41,92.6,64.8,19.4,58.7,59.6,54.5,131.7,68.2,236.8,2.39,1.147,3812,145.0
2024-02-02 21:40:00,64,64.8,44.1,18.2,51.80093263039323,52.2,49.2,109.3,50.7,190.7,2.46,1.18,3805,138.2
2024-02-02 21:45:00,27,44.8,32.9,18.2,64.8158332010752,65.13258866966954,40.4,98.0,42.6,174.3,2.37,1.127,2956,108.2
2024-02-02 21:50:00,63,62.6,43.3,17.2,52.2,53.0,45.2,106.4,58.6,195.5,2.29,1.13,3928,137.2
2024-02-02 21:55:00,17,84.2,55.1,17.7,53.4,51.9,49.1,137.7,64.9,239.0,2.48,1.18,3830,135.3
2024-02-02 22:00:00,33,11.4,,19.5,35.8,34.6,,69.8,46.8,145.6,2.11,,2633,89.4
2024-02-02 22:05:00,29,51.7,26.2,18.4,48.2,48.7,41.7,109.5,40.6,174.9,2.42,1.129,3364,115.0
2024-02-02 22:10:00,13,30.1,16.8,17.7,50.1,49.9,46.0,85.8,38.1,170.7,2.13,1.034,3813,134.5
2024-02-02 22:15:00,46,53.1,30.9,18.4,48.8,47.4,43.1,109.4,47.2,191.0,2.37,1.115,3414,122.3
2024-02-02 22:20:00,35,38.2,29.3,18.2,36.8,37.2,35.5,101.3,51.5,201.4,2.1,1.002,2849,100.4
2024-02-02 22:25:00,6,46.3,35.9,17.3,44.6,45.1,,110.5,46.5,176.5,2.36,1.113,3057,90.7
2024-02-02 22:30:00,69,36.0,,17.7,46.1,48.9,42.2,92.7,34.9,151.1,2.29,1.093,3344,130.7
2024-02-02 22:35:00,47,82.0,34.5,19.8,52.1,51.2,47.3,118.6,,199.1,2.47,1.18,3925,145.0
2024-02-02 22:40:00,25,81.9,57.4,18.3,58.0,57.8,47.8,124.1,61.7,220.3,2.6,1.18,3904,135.2
2024-02-02 22:45:00,66,20.2,13.3,16.7,40.5,43.4,34.5,76.0,39.1,140.8,1.99,0.95,2942,
2024-02-02 22:50:00,10,42.8,27.9,18.4,48.7,49.7,43.9,89.6,41.7,175.5,2.31,1.093,3306,114.0
2024-02-02 22:55:00,56,63.8,51.1,19.0,49.29978403802233,48.4,47.8,105.1,51.8,185.0,2.51,1.18,3516,126.4
2024-02-02 23:00:00,30,50.8,36.3,17.3,45.8,45.2,42.6,102.0,45.5,192.1,2.36,1.125,3503,108.0
2024-02-02 23:05:00,5,62.0,37.1,17.6,52.2,50.9,50.6,101.8,52.9,189.1,2.52,1.18,3507,125.6
2024-02-02 23:10:00,33,67.0,38.4,19.2,51.7,52.3,47.0,104.1,43.3,173.9,2.4,1.167,3638,
2024-02-02 23:15:00,65,52.3,35.1,18.0,47.9,49.9,43.3,140.26603855886987,39.7,253.76743152108935,2.35,1.11,3232,116.1
2024-02-02 23:20:00,18,27.7,16.8,17.9,46.6,49.6,45.2,86.0,46.6,178.6,2.34,1.128,3256,128.9
2024-02-02 23:25:00,49,69.7,48.3,16.9,54.2,52.5,48.3,118.5,51.8,203.0,2.52,1.18,3876,135.7
2024-02-02 23:30:00,11,14.0,11.3,18.9,32.5,34.3,28.5,68.6,34.7,146.1,2.36,1.101,2291,80.0
2024-02-02 23:35:00,26,82.9,46.0,17.8,58.1,58.9,52.7,134.2,,234.5,2.52,1.18,4277,145.7
2024-02-02 23:40:00,63,25.5,18.1,16.3,43.5,43.6,41.6,72.4,33.2,140.0,2.24,1.07,3137,99.9
2024-02-02 23:45:00,59,5.4,5.0,16.7,39.9,39.8,34.8,67.4,,136.6,2.09,1.0,2629,97.5
2024-02-02 23:50:00,27,4.078584839732406,50.0,17.6,30.004987019965156,47.9,46.5,63.33215867381506,50.6,200.7,2.45,1.168,3566,129.8
2024-02-02 23:55:00,49,0.5089756881689057,10.8,17.1,30.691171097160836,40.9,35.9,60.16287607998944,,143.5,2.26,1.099,3016,107.7
2024-02-03 00:00:00,33,1.4257327629103782,55.6,17.3,28.74229609798372,54.6,51.2,64.43878451609582,47.4,216.9,2.51,1.18,3987,146.9
2024-02-03 00:05:00,1,4.127567822551062,46.4,19.9,30.67105448938512,47.7,44.7,59.78164267322782,53.2,185.5,2.36,1.138,3426,128.3
2024-02-03 00:10:00,21,3.7610801869270727,18.8,18.6,28.03190466936597,45.3,39.5,59.33087282326341,37.3,156.3,2.2,1.036,3065,109.4
2024-02-03 00:15:00,55,45.2,28.9,16.0,45.6,43.3,40.9,100.9,39.5,176.8,2.32,1.118,3190,117.7
2024-02-03 00:20:00,6,19.7,17.9,17.7,43.4,41.9,38.8,138.75875314798077,41.9,225.2327208455829,2.14,1.058,3061,126.1
2024-02-03 00:25:00,69,67.4,51.3,17.9,49.6,51.9,45.1,108.2,52.3,188.5,2.4,1.161,3108,103.7
2024-02-03 00:30:00,5,62.2,,16.8,46.2,46.9,,110.9,55.8,196.2,2.33,1.138,3314,123.3
2024-02-03 00:35:00,3,64.3,52.2,18.4,50.3,49.8,44.3,98.2,59.8,199.1,2.39,1.138,3672,129.8
2024-02-03 00:40:00,53,34.5,25.4,16.4,44.3,45.0,39.3,87.9,45.4,175.8,2.37,1.151,3010,115.4
2024-02-03 00:45:00,23,75.1,63.5,18.9,52.2,53.7,48.0,132.6,53.2,205.8,2.48,1.18,3680,123.0
2024-02-03 00:50:00,53,81.2,58.4,19.2,46.1,48.3,39.2,119.3,53.6,213.0,2.6,1.18,3293,118.0
2024-02-03 00:55:00,37,62.0,38.7,19.9,51.7,50.5,46.7,108.2,49.7,197.0,2.35,1.123,3732,125.6
2024-02-03 01:00:00,17,41.7,29.2,16.7,46.6,45.5,,101.5,47.1,188.3,2.35,1.094,3272,
2024-02-03 01:05:00,1,43.7,25.9,16.9,48.0,49.4,42.5,101.0,39.7,176.9,2.34,,3446,132.8
2024-02-03 01:10:00,51,44.4,21.3,18.6,45.0,46.4,,96.0,40.6,179.2,2.37,1.148,2990,102.9
2024-02-03 01:15:00,45,27.7,16.9,18.9,40.6,39.1,37.8,81.7,38.6,164.6,2.19,1.03,2722,90.7
2024-02-03 01:20:00,4,61.9,43.8,18.6,54.800685923349675,53.8,49.1,99.6,,172.9,2.38,1.115,3885,131.5
2024-02-03 01:25:00,62,85.0,69.0,18.9,51.5,51.7,48.0,131.9,,221.7,2.56,1.18,3567,140.2
2024-02-03 01:30:00,65,53.1,32.4,19.1,47.500057004574856,48.1,44.1,91.8,37.5,162.3,2.33,1.117,3099,120.5
2024-02-03 01:35:00,32,23.6,19.0,18.2,41.3,41.9,34.8,62.3,27.2,130.0,2.08,0.961,2973,104.0
2024-02-03 01:40:00,34,38.5,,17.8,46.5,41.61651370353245,40.2,98.9,40.5,170.7,2.4,1.15,3072,116.0
2024-02-03 01:45:00,39,67.4,,16.9,52.4,52.9,,117.0,41.5,195.0,2.51,1.18,4063,133.5
2024-02-03 01:50:00,26,24.4,20.8,17.8,38.3,37.7,35.2,86.5,50.0,161.2,2.19,1.071,2395,90.7
2024-02-03 01:55:00,34,71.2,,17.9,56.3,55.1,48.8,111.1,55.9,207.3,2.47,1.177,3928,134.2
2024-02-03 02:00:00,54,69.5,47.4,17.2,52.4,52.9,49.7,119.3,45.4,196.8,2.53,1.18,3491,126.5
2024-02-03 02:05:00,3,71.2,51.6,18.0,47.8,48.1,45.1,113.5,58.9,214.4,2.56,1.18,3491,112.0
2024-02-03 02:10:00,50,59.7,34.2,17.2,50.6,52.3,42.3,105.2,,186.3,2.41,1.129,3477,117.8
2024-02-03 02:15:00,12,36.6,24.4,18.9,45.6,44.8,,97.1,47.1,173.7,2.24,1.062,3357,120.0
2024-02-03 02:20:00,65,45.2,31.7,18.3,52.2,53.0,47.0,95.0,40.2,162.7,2.44,1.149,3761,133.4
2024-02-03 02:25:00,54,61.1,50.7,17.6,51.5,49.6,48.9,103.3,56.4,189.8,2.41,1.153,3440,109.6
2024-02-03 02:30:00,5,35.4,18.6,18.2,39.4,39.5,15.373661981346455,77.4,44.5,150.5,2.27,,2685,88.4
2024-02-03 02:35:00,57,45.2,40.0,17.1,42.0,43.2,,99.0,55.9,193.4,2.35,1.129,2912,107.1
2024-02-03 02:40:00,17,7.8,5.4,17.2,40.7,42.1,35.5,74.7,25.0,143.1,2.23,1.043,2872,104.8
2024-02-03 02:45:00,47,61.8,36.1,17.5,48.1,49.4,44.2,103.2,45.1,186.5,2.41,1.128,3341,123.3
2024-02-03 02:50:00,23,12.5,7.1,17.8,33.5,35.2,29.9,75.5,,138.9,2.24,1.079,2508,91.8
2024-02-03 02:55:00,14,36.8,26.8,18.1,47.2,47.0,42.1,81.9,51.4,172.2,2.27,1.097,3349,109.9
2024-02-03 03:00:00,66,85.7,47.8,18.1,55.0,56.2,46.1,134.5,54.0,223.2,2.58,1.18,3740,128.5
2024-02-03 03:05:00,51,64.6,41.4,16.9,54.0,57.3,50.8,111.9,53.1,200.2,2.35,,3629,131.9
2024-02-03 03:10:00,38,81.8,55.1,17.9,52.7,52.5,47.0,127.6,57.2,217.3,2.59,1.18,3558,117.3
2024-02-03 03:15:00,64,67.7,55.5,17.3,56.3,58.9,50.1,108.6,56.9,207.1,2.38,,3973,130.1
2024-02-03 03:20:00,38,61.2,49.4,16.0,52.9,54.7,52.0,111.8,47.9,174.2,2.44,1.157,3665,126.4
2024-02-03 03:25:00,50,74.4,47.0,20.5,51.4,51.5,48.7,114.7,48.9,181.6,2.35,1.12,3907,
2024-02-03 03:30:00,30,26.2,17.8,17.4,36.6,36.8,32.4,77.7,38.3,159.2,2.23,1.078,2605,80.0
2024-02-03 03:35:00,51,55.6,29.6,17.4,55.8,56.5,48.8,92.3,40.1,165.8,2.39,1.14,3915,135.2
2024-02-03 03:40:00,63,76.7,37.3,16.9,53.5,55.3,48.6,115.2,42.6,200.1,2.43,1.18,3466,126.4
2024-02-03 03:45:00,52,40.8,23.3,17.2,42.9,44.0,40.6,88.5,39.5,158.1,2.3,1.09,2827,106.6
2024-02-03 03:50:00,38,61.9,50.7,17.8,54.6,54.4,52.6,112.1,49.8,210.2,2.43,1.148,3641,
2024-02-03 03:55:00,30,14.5,11.3,19.1,41.5,38.8,,149.2693754491576,35.3,229.65645859226467,2.22,1.082,1959,104.7
2024-02-03 04:00:00,51,77.7,57.5,17.8,58.0,59.5,53.4,117.3,53.7,209.5,2.5,,5184,
2024-02-03 04:05:00,5,66.9,36.6,17.7,51.4,49.0,48.1,112.2,43.0,186.6,2.54,1.18,3422,125.6
2024-02-03 04:10:00,29,68.6,42.9,19.0,57.8,56.2,50.4,128.3,44.7,200.8,2.54,1.18,4119,140.7
2024-02-03 04:15:00,4,77.1,47.0,17.6,50.3,50.2,15.740835152735697,122.7,51.2,195.0,2.48,1.18,3394,100.7
2024-02-03 04:20:00,10,48.0,32.7,18.0,45.3,44.0,38.0,94.1,49.2,184.5,2.23,1.044,3183,114.4
2024-02-03 04:25:00,56,31.4,21.2,17.3,44.000276431572445,45.0,39.0,71.7,42.8,152.6,2.22,1.061,3190,125.6
2024-02-03 04:30:00,17,29.7,17.7,19.3,45.9,46.0,42.4,77.0,30.3,143.0,2.07,0.982,3371,125.6
2024-02-03 04:35:00,17,43.9,32.3,18.8,47.9,49.6,46.8,87.9,48.8,162.7,2.3,1.069,3407,126.3
2024-02-03 04:40:00,69,41.3,29.9,17.9,45.1,43.2,44.4,108.9,46.7,201.9,2.42,1.138,3225,115.5
2024-02-03 04:45:00,34,54.8,34.2,17.7,47.3,46.8,40.8,97.0,49.8,182.7,2.44,1.18,3465,129.3
2024-02-03 04:50:00,6,39.2,28.7,18.0,48.3,48.8,46.7,91.7,48.3,180.7,2.3,1.103,3450,124.1
2024-02-03 04:55:00,53,73.1,59.8,17.9,55.6,56.1,46.0,121.4,53.3,209.7,2.41,1.18,4026,126.9
2024-02-03 05:00:00,66,32.9,28.0,16.8,40.6,42.1,35.9,95.2,41.1,162.5,2.27,1.093,2552,98.9
2024-02-03 05:05:00,43,61.0,45.8,18.9,47.5,46.7,42.6,108.8,59.6,211.3,2.58,1.18,3323,110.5
2024-02-03 05:10:00,23,19.5,,17.8,38.2,38.0,35.7,71.6,45.2,155.4,2.32,1.119,2725,98.0
2024-02-03 05:15:00,55,50.9,34.3,19.5,45.7,47.0,42.0,96.1,45.1,174.7,2.34,1.102,3195,119.1
2024-02-03 05:20:00,16,63.2,51.1,18.3,53.9,51.1,49.3,113.4,56.0,207.9,2.3,1.111,3778,126.6
2024-02-03 05:25:00,8,43.1,25.3,16.0,47.1,48.2,42.0,89.0,44.8,175.4,2.49,1.177,3244,106.9
2024-02-03 05:30:00,4,63.6,50.6,17.0,52.6,54.2,49.2,138.47395660958796,61.6,226.76598990358252,2.36,1.148,3790,136.8
2024-02-03 05:35:00,4,84.2,56.4,16.3,56.6,55.1,51.9,123.2,57.1,201.6,2.56,1.18,3861,126.4
2024-02-03 05:40:00,56,45.4,38.9,17.0,47.1,47.1,,85.7,41.4,150.2,2.2,1.051,3271,114.2
2024-02-03 05:45:00,25,17.2,,16.7,34.5,37.3,33.6,139.1955523530731,33.5,238.77334500221028,2.16,1.021,2686,105.2
2024-02-03 05:50:00,67,62.4,43.2,18.2,53.0,54.5,51.9,114.7,65.1,209.3,2.29,1.109,3895,149.5
2024-02-03 05:55:00,67,43.9,,17.7,44.3,45.5,39.0,108.1,37.0,171.7,2.23,1.06,3142,97.2
2024-02-03 06:00:00,27,44.5,33.6,18.6,46.0,48.0,45.3,99.5,45.4,182.9,2.25,1.036,3140,109.6
2024-02-03 06:05:00,32,23.9,17.9,18.0,39.6,42.8,35.2,91.3,,167.3,2.26,1.045,2559,102.1
2024-02-03 06:10:00,50,74.7,49.1,17.8,54.1,54.6,51.5,122.7,48.1,201.9,2.47,1.157,3754,128.6
2024-02-03 06:15:00,61,32.8,23.3,19.6,44.9,44.8,40.0,92.1,26.8,160.7,2.48,1.18,3238,120.9
2024-02-03 06:20:00,51,32.6,,18.2,40.1,42.1,38.4,69.0,28.9,130.0,2.35,,2733,104.7
2024-02-03 06:25:00,19,42.6,23.7,17.9,46.4,46.6,,86.8,,147.5,2.41,1.159,3262,110.5
2024-02-03 06:30:00,21,37.0,28.7,17.3,42.9,42.0,,89.9,34.1,146.2,2.33,1.119,2975,109.3
2024-02-03 06:35:00,5,13.4,10.1,17.1,42.3,42.0,42.4,71.2,39.7,139.1,2.19,1.073,2729,101.6
2024-02-03 06:40:00,42,29.1,24.0,18.6,38.9,39.9,34.1,82.7,42.1,160.5,2.34,1.127,2779,106.6
2024-02-03 06:45:00,61,60.1,37.6,18.6,47.0,46.8,40.2,111.7,36.2,178.0,2.21,1.068,3367,105.9
2024-02-03 06:50:00,22,48.8,34.2,19.3,46.1,46.1,40.8,103.0,37.4,187.5,2.29,1.097,3266,125.9
2024-02-03 06:55:00,21,32.7,23.6,18.4,40.4,39.4,42.2,93.1,46.8,178.5,2.15,1.018,3102,115.5
2024-02-03 07:00:00,70,24.1,18.7,17.7,40.4,43.0,34.4,84.6,39.4,158.9,2.07,0.979,2809,91.2
2024-02-03 07:05:00,1,73.7,54.9,18.4,51.8,51.8,47.2,128.6,61.9,235.6,2.41,1.18,3563,124.4
2024-02-03 07:10:00,5,44.6,25.4,17.9,46.4,40.6215440276068,39.9,105.4,47.0,176.8,2.23,1.044,3586,132.9
2024-02-03 07:15:00,12,72.8,53.2,18.7,56.2,55.8,48.7,119.7,48.2,209.8,2.56,1.18,3728,122.3
2024-02-03 07:20:00,46,53.3,48.5,19.1,48.5,50.2,40.9,119.3,56.2,208.7,2.37,1.107,3310,109.6
2024-02-03 07:25:00,34,38.4,29.4,17.9,45.1,46.5,41.6,101.6,46.0,179.0,2.13,1.003,3227,114.4
2024-02-03 07:30:00,49,32.2,28.1,19.4,39.9,39.6,36.5,79.3,32.8,152.1,2.29,1.109,2995,103.0
2024-02-03 07:35:00,45,51.3,41.6,19.0,47.4,48.0,40.9,104.2,41.9,177.8,2.28,1.052,3469,124.3
2024-02-03 07:40:00,27,2.7,,18.0,34.400856912643235,35.3,33.7,55.0,44.4,135.9,2.12,1.027,2305,
2024-02-03 07:45:00,26,90.2,66.0,18.5,59.6,59.0,55.0,118.7,55.1,208.0,2.58,1.18,4383,155.0
2024-02-03 07:50:00,47,60.7,45.8,18.2,47.9,46.1,44.2,104.5,52.7,194.7,2.34,1.129,3428,120.8
2024-02-03 07:55:00,56,71.5,52.0,18.0,50.3,51.6,47.8,110.2,52.4,193.6,2.48,,3397,126.5
2024-02-03 08:00:00,63,50.3,35.2,19.5,48.5,45.15081523445215,43.5,96.3,46.8,185.4,2.38,1.147,3291,
2024-02-03 08:05:00,48,28.0,21.8,18.4,47.9,49.1,44.2,85.0,39.2,142.9,2.23,1.078,3374,113.2
2024-02-03 08:10:00,61,61.0,39.3,17.3,49.7,50.7,,118.6,52.5,211.2,2.35,1.133,3804,142.7
2024-02-03 08:15:00,26,46.9,42.2,17.2,47.2,47.8,39.7,106.9,53.7,180.5,2.33,1.107,5014,98.9
2024-02-03 08:20:00,36,63.8,38.5,17.2,53.8,53.7,48.8,114.4,47.9,191.2,2.41,,4075,143.0
2024-02-03 08:25:00,1,55.2,43.4,18.4,50.3,49.9,45.9,95.5,45.0,179.7,2.4,1.174,3654,125.6
2024-02-03 08:30:00,8,84.7,71.6,17.7,57.7,56.5,51.7,123.3,59.4,201.6,2.5,1.18,3826,126.8
2024-02-03 08:35:00,52,16.8,11.5,18.3,38.9,38.5,36.6,78.6,27.3,142.2,2.09,0.992,2972,108.1
2024-02-03 08:40:00,47,75.0,43.8,18.7,53.5,54.9,51.1,113.4,48.0,185.5,2.46,1.178,3594,130.1
2024-02-03 08:45:00,56,69.3,56.9,19.6,50.1,52.6,45.1,105.3,46.8,179.3,2.47,1.18,3411,113.7
2024-02-03 08:50:00,14,52.4,37.8,17.7,49.6,51.9,42.9,105.9,48.1,180.9,2.38,1.115,3512,112.6
2024-02-03 08:55:00,28,49.9,39.2,16.9,58.41663000429962,57.24983094306124,43.6,99.6,49.1,173.0,2.34,1.117,3421,110.2
2024-02-03 09:00:00,2,34.7,23.9,19.4,45.8,48.4,41.6,86.0,45.8,153.0,2.23,1.073,3355,133.0
2024-02-03 09:05:00,26,72.6,64.0,16.8,51.7,51.7,48.4,126.9,,231.2,2.42,1.134,3687,145.0
2024-02-03 09:10:00,14,95.2,45.5,16.8,61.3,59.9,54.8,144.9,44.7,223.1,2.54,1.18,4236,148.1
2024-02-03 09:15:00,59,30.0,22.2,19.4,45.9,49.3,39.6,98.3,47.6,171.0,2.34,1.1,3482,111.8
2024-02-03 09:20:00,56,94.3,79.3,18.9,54.9,56.2,51.1,130.3,58.9,219.6,2.5,1.18,3758,130.8
2024-02-03 09:25:00,7,41.0,29.1,18.4,44.4,42.6,,96.2,53.4,184.9,2.31,,2974,88.2
2024-02-03 09:30:00,3,78.7,57.6,18.0,58.2,61.0,52.4,123.1,51.3,206.4,2.39,1.144,4116,146.4
2024-02-03 09:35:00,23,66.5,43.5,17.8,49.7,49.1,46.8,115.9,45.0,185.7,2.49,1.175,3475,114.6
2024-02-03 09:40:00,18,-0.9532699982929729,32.5,17.5,48.1,47.9,45.8,87.9,48.8,164.5,2.29,1.099,3413,110.7
2024-02-03 09:45:00,38,44.0,23.1,17.8,45.99917479235204,48.1,41.0,84.0,43.1,171.6,2.25,1.087,3346,126.0
2024-02-03 09:50:00,15,34.9,21.8,18.0,44.69954828798815,47.3,38.9,87.6,48.0,159.4,2.29,1.077,3120,109.4
2024-02-03 09:55:00,64,86.4,53.3,16.9,56.7,55.7,50.7,122.3,44.5,185.9,2.33,1.083,4226,154.5
2024-02-03 10:00:00,28,57.0,43.9,17.3,51.5,54.2,47.4,113.1,52.4,197.4,2.28,1.072,3639,137.6
2024-02-03 10:05:00,39,46.5,29.7,16.3,43.5,45.4,39.3,85.2,43.1,147.8,2.36,1.13,3002,106.0
2024-02-03 10:10:00,57,49.1,31.6,18.1,44.5,43.8,38.6,87.9,38.8,154.5,2.43,1.154,3224,114.1
2024-02-03 10:15:00,17,81.0,53.5,18.1,59.6,54.3231614776726,53.7,121.4,63.5,209.9,2.54,1.18,4129,152.8
2024-02-03 10:20:00,44,35.9,22.3,19.4,50.3,53.0,41.6,76.4,41.2,142.7,2.29,1.106,3535,120.2
2024-02-03 10:25:00,25,38.0,27.7,18.3,44.5,42.7,39.9,103.8,42.1,181.5,2.48,1.18,2967,114.8
2024-02-03 10:30:00,17,47.2,,17.6,52.0,54.5,48.5,96.3,48.0,181.4,2.38,1.103,3481,106.5
2024-02-03 10:35:00,13,26.8,21.1,17.8,39.4,41.2,38.0,76.7,30.9,136.1,2.15,1.038,2952,102.2
2024-02-03 10:40:00,25,49.8,38.3,18.4,45.9,47.1,,103.6,41.0,178.8,2.43,1.18,3039,109.5
2024-02-03 10:45:00,68,31.9,24.2,18.2,47.3,48.0,42.6,92.6,39.2,159.9,2.21,,3304,
2024-02-03 10:50:00,10,51.6,34.3,18.5,50.3,53.8,46.7,102.9,47.0,188.2,2.3,1.088,3570,128.6
2024-02-03 10:55:00,67,45.4,29.9,18.3,51.2,54.8,43.9,95.8,49.8,168.8,2.22,1.056,3790,134.4
2024-02-03 11:00:00,18,51.4,31.3,17.8,49.3,48.8,43.8,93.3,39.6,169.2,2.32,1.121,3378,113.4
2024-02-03 11:05:00,34,92.1,55.9,17.6,55.0,56.4,51.8,138.7,49.6,225.2,2.46,1.18,3946,132.0
2024-02-03 11:10:00,8,67.2,,17.5,52.5,55.8,46.3,125.1,54.3,233.1,2.48,1.176,3646,121.2
2024-02-03 11:15:00,40,92.8,58.0,17.3,61.8,61.1,55.0,132.5,55.4,208.9,2.55,1.18,3960,126.1
2024-02-03 11:20:00,42,36.7,31.4,17.1,43.8,44.6,38.3,82.6,34.5,173.3,2.17,1.037,3092,122.6
2024-02-03 11:25:00,41,14.2,9.9,19.5,37.69936812747441,39.7,,72.8,29.9,143.7,2.16,1.03,2670,94.0
2024-02-03 11:30:00,6,69.1,59.3,18.1,53.7,51.2,48.5,115.3,55.8,220.7,2.53,1.18,3812,122.9
2024-02-03 11:35:00,52,82.6,62.8,17.9,54.0,55.7,46.8,116.3,57.5,216.0,2.6,1.18,3668,128.0
2024-02-03 11:40:00,26,12.9,7.9,17.6,39.1,38.0,38.7,66.3,34.0,130.0,2.02,0.95,2693,98.4
2024-02-03 11:45:00,64,43.5,30.1,18.3,46.1,46.8,39.5,109.1,37.1,186.4,2.26,1.064,3417,114.0
2024-02-03 11:50:00,59,72.7,38.1,19.0,51.7,53.9,45.2,107.4,46.5,183.6,2.36,1.118,3564,122.5
2024-02-03 11:55:00,56,32.1,,18.6,46.0,42.9,42.8,80.2,45.2,159.6,2.29,1.05,2945,115.3
2024-02-03 12:00:00,59,78.4,49.2,18.7,56.5,58.2,51.0,115.1,37.7,178.5,2.38,1.158,4010,131.0
2024-02-03 12:05:00,70,41.5,,17.5,44.3,47.9,40.8,86.3,39.5,155.4,2.39,1.149,3251,110.4
2024-02-03 12:10:00,33,60.4,52.0,18.0,50.1,49.8,44.5,104.8,45.1,192.0,2.5,1.18,3632,111.7
2024-02-03 12:15:00,53,93.3,75.4,17.5,57.5,58.9,49.1,138.2,63.8,240.0,2.6,1.18,3908,151.5
2024-02-03 12:20:00,22,43.2,34.8,18.1,43.9,46.4,38.7,105.0,38.1,186.4,2.26,1.085,3093,115.0
2024-02-03 12:25:00,21,20.0,15.7,19.0,34.9,33.0,35.2,77.6,37.7,139.2,2.15,0.998,2574,92.1
2024-02-03 12:30:00,70,52.6,30.0,18.4,46.7,48.3,39.8,96.6,51.6,168.3,2.33,1.126,3425,115.1
2024-02-03 12:35:00,70,57.7,37.9,19.3,47.5,49.6,46.6,118.4,42.2,204.4,2.48,1.18,3412,
2024-02-03 12:40:00,4,94.9,63.1,17.8,59.1,60.5,53.5,119.4,54.2,216.8,2.44,1.167,4222,145.2
2024-02-03 12:45:00,62,7.1,5.0,17.4,38.1,38.7,33.8,71.1,29.9,137.7,2.17,1.032,2597,97.2
2024-02-03 12:50:00,62,65.0,41.7,18.4,48.8,47.8,40.3,103.8,50.4,192.5,2.35,,3079,100.8
2024-02-03 12:55:00,24,56.3,36.2,18.1,50.2,52.8,41.6,104.6,41.2,187.7,2.35,1.1,3671,
2024-02-03 13:00:00,55,11.3,8.0,18.3,34.9,35.5,31.7,73.5,31.7,141.7,2.22,1.06,2355,92.0
2024-02-03 13:05:00,9,82.0,79.2,18.1,62.39723402917424,64.11561021024417,48.6,112.8,62.3,214.4,2.39,1.127,3816,146.7
2024-02-03 13:10:00,3,54.6,,17.6,46.8,46.9,42.7,104.8,44.8,191.1,2.35,1.125,3410,124.7
2024-02-03 13:15:00,31,30.0,,18.2,44.7,45.8,44.2,85.8,41.3,161.3,2.24,1.073,3153,106.5
2024-02-03 13:20:00,40,60.5,40.7,18.8,50.5,48.6,46.8,138.1151142404862,51.1,241.13996251484045,2.4,1.16,3637,126.7
2024-02-03 13:25:00,36,55.9,43.5,18.9,48.7,49.2,,126.5,42.2,206.7,2.37,1.147,3778,135.9
2024-02-03 13:30:00,24,54.4,31.9,17.6,46.7,46.6,44.8,91.1,46.0,190.2,2.42,1.14,3364,116.5
2024-02-03 13:35:00,6,23.0,20.7,18.2,39.8,42.3,36.8,89.7,55.0,173.0,2.18,1.043,2708,102.6
2024-02-03 13:40:00,66,64.6,44.4,19.2,56.6,54.3,54.2,148.84237715168322,57.7,238.6446157468099,2.45,1.18,3725,125.0
2024-02-03 13:45:00,4,8.6,5.7,17.6,35.7,37.6,31.6,60.4,29.3,130.0,2.17,1.012,2645,107.7
2024-02-03 13:50:00,6,-0.28841078434890766,47.6,17.5,51.3,53.9,43.9,110.4,52.1,201.0,2.42,1.18,3597,125.9
2024-02-03 13:55:00,51,39.4,23.9,18.6,44.5,42.3,36.6,81.1,40.6,152.5,2.34,1.1,2928,
2024-02-03 14:00:00,62,67.8,,18.5,53.3,51.2,47.9,104.3,56.0,184.1,2.46,1.18,3897,141.3
2024-02-03 14:05:00,57,22.1,18.7,17.3,43.0,46.2,36.7,63.8,36.3,134.6,2.2,,3144,103.6
2024-02-03 14:10:00,66,94.9,64.0,16.9,57.7,56.8,49.1,140.3,57.5,240.0,2.47,1.18,4010,141.5
2024-02-03 14:15:00,8,67.9,62.2,18.2,54.1,59.2,50.8,116.9,54.3,203.4,2.55,1.18,4101,154.6
2024-02-03 14:20:00,26,28.0,21.5,17.7,50.3,48.1,41.9,75.9,45.2,154.0,2.38,1.111,3672,119.3
2024-02-03 14:25:00,51,58.0,44.6,16.7,51.200416005999294,52.0,46.2,118.6,51.6,216.9,2.36,1.145,3432,130.6
2024-02-03 14:30:00,45,15.0,12.6,17.5,43.6,44.0,39.5,66.7,37.3,138.9,2.21,1.071,3248,104.6
2024-02-03 14:35:00,44,52.8,46.0,18.5,49.7,49.8,45.2,112.5,,194.7,2.32,1.123,3515,130.4
2024-02-03 14:40:00,5,42.4,30.9,17.9,42.8,44.0,41.8,94.9,50.1,185.5,2.25,1.072,3305,109.3
2024-02-03 14:45:00,70,34.6,27.1,19.3,44.5,45.8,39.1,82.3,47.4,173.7,2.28,1.075,3274,125.3
2024-02-03 14:50:00,26,94.7,80.2,16.3,57.7,57.9,54.3,134.8,72.1,240.0,2.6,1.18,4085,138.2
2024-02-03 14:55:00,68,55.2,31.9,19.1,47.0,46.0,39.3,94.1,52.2,182.4,2.5,1.18,3365,116.0
2024-02-03 15:00:00,19,22.4,11.6,17.7,40.4,42.4,38.3,79.6,30.4,134.5,2.33,1.099,2680,88.5
2024-02-03 15:05:00,20,61.1,42.4,17.6,49.80045847912577,51.3,47.9,109.1,47.6,184.8,2.45,1.178,3411,101.1
2024-02-03 15:10:00,12,36.3,18.7,16.8,40.9,41.6,29.2,93.3,42.0,167.6,2.21,1.021,2924,95.0
2024-02-03 15:15:00,47,54.9,36.6,18.4,56.8,58.2,51.0,110.9,42.0,188.6,2.46,1.18,3751,
2024-02-03 15:20:00,1,24.4,17.9,16.5,43.5,45.2,39.2,80.5,36.2,146.7,1.99,0.96,3139,95.0
2024-02-03 15:25:00,14,92.4,62.0,18.7,58.8,58.2,53.0,122.1,58.9,213.0,2.59,1.18,3978,141.6
2024-02-03 15:30:00,64,27.3,18.7,16.8,42.1,43.4,41.7,89.3,37.3,160.6,2.32,1.126,2914,116.0
2024-02-03 15:35:00,38,35.1,20.9,16.9,47.39988553407207,47.0,41.3,88.2,39.7,154.9,2.29,1.11,3432,135.4
2024-02-03 15:40:00,37,50.2,39.3,17.0,53.8,55.5,45.9,85.0,41.9,159.8,2.48,1.18,3668,119.6
2024-02-03 15:45:00,11,70.1,41.2,17.4,54.6,54.8,49.2,118.5,48.4,211.2,2.34,1.154,3875,135.0
2024-02-03 15:50:00,3,42.8,20.5,18.8,46.1,47.5,,97.3,,167.4,2.44,1.18,3259,124.6
2024-02-03 15:55:00,33,26.8,18.2,19.2,46.1,46.0,43.2,78.6,46.3,152.7,2.22,1.073,3083,98.9
2024-02-03 16:00:00,6,58.4,46.5,17.5,50.0,51.5,45.2,105.2,49.6,206.4,2.51,1.18,3634,137.4
2024-02-03 16:05:00,50,17.5,12.4,18.0,40.7,39.7,36.8,69.2,32.3,138.4,2.27,1.079,3018,117.0
2024-02-03 16:10:00,10,79.0,45.6,18.4,57.8,58.3,47.8,126.5,,209.4,2.6,1.18,4165,129.9
2024-02-03 16:15:00,5,59.2,42.0,17.7,48.6,50.6,45.2,108.5,33.0,181.6,2.47,,3695,111.0
2024-02-03 16:20:00,23,82.4,61.5,18.4,49.4,50.6,46.1,118.7,56.1,211.8,2.57,1.18,3396,116.7
2024-02-03 16:25:00,10,25.2,17.9,18.0,40.0,40.8,35.3,93.1,35.5,159.0,2.34,1.097,2540,98.8
2024-02-03 16:30:00,44,33.5,22.5,17.8,45.7,48.9,40.6,81.5,41.4,157.5,2.27,1.07,3115,98.3
2024-02-03 16:35:00,2,41.9,31.5,16.9,47.6,49.6,40.9,71.9,50.4,155.0,2.36,1.116,3484,106.5
2024-02-03 16:40:00,13,38.7,20.0,18.1,48.7,50.5,,87.2,46.8,176.9,2.29,1.132,3401,120.6
2024-02-03 16:45:00,40,4.9,5.0,18.8,35.0,36.5,31.9,72.2,33.5,146.1,2.07,1.002,2292,88.1
2024-02-03 16:50:00,2,40.2,22.6,17.4,49.8,51.5,,90.5,32.4,140.8,2.34,1.122,3234,109.0
2024-02-03 16:55:00,65,59.1,49.7,16.4,50.300714630162396,53.3,46.5,94.2,49.8,194.2,2.41,1.164,3734,126.4
2024-02-03 17:00:00,63,19.4,15.0,17.7,41.7,41.5,38.7,67.3,34.7,134.7,2.3,1.109,3036,112.9
2024-02-03 17:05:00,17,82.4,59.3,19.2,58.3,60.3,53.6,117.3,58.5,224.6,2.5,1.18,3980,132.4
2024-02-03 17:10:00,9,82.0,44.9,19.0,51.3,52.4,46.8,121.0,50.5,212.2,2.45,1.151,3872,129.4
2024-02-03 17:15:00,15,26.3,20.5,17.5,38.6,38.5,,78.9,35.8,151.7,2.33,1.137,3135,113.4
2024-02-03 17:20:00,24,22.6,19.1,18.4,37.5,37.9,35.0,82.0,32.3,148.6,2.22,,2824,103.9
2024-02-03 17:25:00,38,-1.7701936556532099,30.5,18.5,48.3,49.1,16.288169342669832,93.2,39.4,189.6,2.24,1.068,3497,121.4
2024-02-03 17:30:00,35,34.1,23.8,19.2,42.6,41.8,40.1,88.7,36.2,157.7,2.38,1.126,3087,121.4
2024-02-03 17:35:00,49,37.4,28.6,16.8,50.4,52.2,42.9,104.1,51.0,184.7,2.36,1.135,3657,134.5
2024-02-03 17:40:00,69,86.1,62.8,17.1,56.5,56.9,49.4,135.8,54.4,220.5,2.6,1.18,4230,144.9
2024-02-03 17:45:00,62,89.5,,16.4,53.0,53.6,47.1,137.8,62.4,235.2,2.52,1.18,3551,114.7
2024-02-03 17:50:00,60,45.7,,17.5,44.4,46.9,41.3,82.0,51.2,168.2,2.29,1.049,5079,117.1
2024-02-03 17:55:00,50,70.1,47.4,18.9,52.9,53.6,51.0,110.1,52.3,205.4,2.36,1.154,3684,137.7
2024-02-03 18:00:00,9,48.9,30.9,17.6,48.8,51.6,42.5,86.4,38.5,165.9,2.3,,3505,122.7
2024-02-03 18:05:00,34,75.2,49.5,17.0,50.8,50.6,47.5,114.0,57.2,212.3,2.45,1.18,3791,135.3
2024-02-03 18:10:00,35,44.1,33.4,18.2,65.48102565316948,66.29805334443903,42.2,101.7,,181.6,2.38,1.156,3411,126.0
2024-02-03 18:15:00,1,71.9,47.7,18.2,55.5,55.5,52.6,114.3,40.6,195.3,2.38,1.149,3959,151.4
2024-02-03 18:20:00,40,59.0,36.7,17.2,47.8,44.1,47.1,115.8,52.7,209.8,2.34,,3457,129.0
2024-02-03 18:25:00,64,58.0,40.6,17.6,55.4,57.3,46.2,111.9,52.6,198.9,2.53,1.18,3864,139.0
2024-02-03 18:30:00,22,48.3,39.4,18.1,45.5,44.4,40.7,99.0,49.4,185.7,2.11,1.009,3135,118.6
2024-02-03 18:35:00,60,9.9,,18.6,34.5,34.0,27.4,76.7,41.3,159.2,2.19,1.061,2476,98.4
2024-02-03 18:40:00,64,83.5,56.1,17.5,51.3,52.9,42.8,137.8,59.5,233.9,2.41,1.17,3488,
2024-02-03 18:45:00,11,27.4,,17.4,45.5,46.2,38.0,85.6,44.7,167.7,2.17,1.038,3106,117.5
2024-02-03 18:50:00,14,32.3,22.9,19.5,43.2,43.0,40.9,87.7,45.5,179.5,2.38,1.146,3099,104.5
2024-02-03 18:55:00,60,77.6,38.6,17.8,53.0,50.4,48.6,127.2,51.1,215.1,2.49,1.18,3626,135.8
2024-02-03 19:00:00,30,70.2,54.3,18.2,48.1,50.6,45.2,104.9,45.5,180.5,2.6,1.18,3652,123.1
2024-02-03 19:05:00,35,67.2,,18.5,50.6,52.2,47.0,112.9,44.1,181.2,2.49,1.18,3565,117.4
2024-02-03 19:10:00,37,52.3,36.7,16.6,55.2,58.8,50.4,101.6,50.8,188.3,2.29,1.109,4051,140.7
2024-02-03 19:15:00,5,28.5,23.1,18.0,35.7,35.3,33.2,79.8,46.5,158.7,2.29,1.104,2359,80.0
2024-02-03 19:20:00,26,48.7,,16.7,45.3,43.6,40.7,92.6,44.6,178.7,2.43,1.162,3003,102.0
2024-02-03 19:25:00,62,48.6,38.1,17.9,52.5,54.5,49.4,106.9,,196.1,2.38,1.136,3652,131.4
2024-02-03 19:30:00,4,72.5,44.3,19.1,56.9,57.1,51.2,119.3,51.2,197.3,2.45,1.158,4098,145.5
2024-02-03 19:35:00,42,78.0,,17.2,52.8,54.2,48.5,124.5,44.3,196.7,2.35,1.063,3612,132.2
2024-02-03 19:40:00,18,51.1,41.7,16.7,48.4,51.3,39.0,151.30594860916833,47.9,241.43580069600637,2.33,1.098,3377,124.5
2024-02-03 19:45:00,40,32.3,16.2,19.5,44.5,45.5,38.4,84.2,35.5,148.4,2.39,1.144,1843,119.0
2024-02-03 19:50:00,39,51.3,35.1,17.1,48.2,49.0,45.5,98.0,44.7,175.9,2.29,1.09,3324,110.7
2024-02-03 19:55:00,14,81.5,60.8,16.8,60.7,61.6,52.8,136.1,66.8,233.6,2.47,1.18,4102,150.8
2024-02-03 20:00:00,32,67.7,35.0,19.3,52.9,51.0,45.1,102.3,42.6,171.7,2.52,1.18,3803,
2024-02-03 20:05:00,51,31.4,22.8,17.1,46.3,48.4,43.2,85.5,40.5,167.7,2.31,1.088,3055,110.4
2024-02-03 20:10:00,38,75.4,60.4,19.3,54.4,56.7,49.1,114.5,,200.7,2.37,1.094,2160,132.1
2024-02-03 20:15:00,23,42.4,23.1,18.2,39.5,40.8,35.5,96.3,45.1,191.0,2.3,1.111,2818,113.2
2024-02-03 20:20:00,63,57.3,50.1,19.0,45.8,44.0,44.8,110.4,51.6,199.9,2.5,1.18,3296,107.0
2024-02-03 20:25:00,15,31.0,18.4,18.1,39.8,40.1,39.2,89.8,44.2,179.3,2.26,1.064,2943,102.0
2024-02-03 20:30:00,25,58.2,44.3,18.9,48.8,51.5,,114.8,37.6,181.6,2.51,1.18,3568,129.8
2024-02-03 20:35:00,17,52.9,36.5,17.3,54.5,54.1,50.3,100.3,46.2,175.5,2.48,1.174,3752,131.9
2024-02-03 20:40:00,66,21.9,15.5,17.5,41.6,43.8,33.5,76.0,37.6,166.3,2.14,1.025,3080,105.5
2024-02-03 20:45:00,53,52.2,29.5,16.3,47.7,48.3,45.2,106.0,47.8,183.9,2.34,1.095,3425,105.5
2024-02-03 20:50:00,51,35.2,29.3,18.8,47.5,49.1,41.0,95.3,40.0,162.7,2.33,1.114,3443,119.1
2024-02-03 20:55:00,39,60.5,44.5,18.3,45.8,45.7,,98.0,,177.6,2.28,1.078,3124,113.7
2024-02-03 21:00:00,51,44.8,39.0,17.2,44.70004988067815,45.4,37.0,98.4,44.9,193.6,2.31,1.098,3249,119.3
2024-02-03 21:05:00,70,45.1,25.6,16.6,44.4,45.5,,92.9,42.0,167.7,2.37,1.165,3101,108.7
2024-02-03 21:10:00,6,10.1,6.8,18.2,38.7,37.6,37.8,68.7,37.7,144.7,2.1,0.967,2754,99.9
2024-02-03 21:15:00,67,22.5,16.2,19.3,43.3,44.2,41.0,75.1,32.7,144.0,2.26,1.108,3078,100.1
2024-02-03 21:20:00,7,78.9,55.7,17.9,56.1,52.6,48.9,117.3,58.8,205.3,2.45,1.155,4226,150.6
2024-02-03 21:25:00,51,64.8,49.9,17.5,52.6,52.2,49.1,103.7,54.1,190.4,2.37,1.155,3539,
2024-02-03 21:30:00,42,35.8,24.3,17.3,42.9,44.2,,87.4,39.3,168.5,2.34,1.141,3203,114.8
2024-02-03 21:35:00,64,22.2,20.5,19.0,41.5,43.7,38.8,80.6,35.9,141.7,2.32,1.119,3149,109.9
2024-02-03 21:40:00,15,34.6,24.4,17.4,41.1,42.3,36.6,82.9,30.5,153.7,2.22,1.034,3033,109.5
2024-02-03 21:45:00,29,29.6,11.8,17.7,44.4,42.8,40.2,93.2,34.9,174.6,2.15,1.031,3048,113.4
2024-02-03 21:50:00,33,52.4,37.2,18.8,46.6,48.7,40.6,121.6,45.1,204.0,2.36,1.18,3528,
2024-02-03 21:55:00,27,29.4,24.4,18.5,39.0,37.8,34.4,86.8,44.2,176.7,2.28,1.092,2715,82.6
2024-02-03 22:00:00,36,14.6,8.8,17.7,38.8,40.2,36.7,71.3,36.6,132.0,2.12,1.006,2853,104.0
2024-02-03 22:05:00,29,46.6,27.8,17.4,40.9,39.8,38.8,90.0,47.9,158.2,2.47,1.179,2031,100.6
2024-02-03 22:10:00,38,49.9,30.5,19.2,51.9,51.2,46.2,102.9,49.3,189.1,2.34,1.129,3571,120.0
2024-02-03 22:15:00,57,44.3,26.0,17.1,48.5,47.5,40.7,107.3,57.5,195.1,2.26,1.08,3480,133.5
2024-02-03 22:20:00,27,8.5,5.5,17.8,38.1,38.8,40.0,82.4,35.0,159.4,2.3,1.104,2990,98.9
2024-02-03 22:25:00,55,58.0,46.1,16.8,44.6,44.8,40.5,117.5,46.5,196.5,2.49,,3180,106.1
2024-02-03 22:30:00,33,44.2,38.0,19.0,44.0,45.2,40.8,102.1,51.2,189.5,2.26,1.061,3394,101.9
2024-02-03 22:35:00,68,68.0,30.3,17.6,52.1,52.6,44.4,117.7,51.7,205.0,2.53,1.18,3615,138.7
2024-02-03 22:40:00,66,37.1,24.5,17.4,43.5,41.7,42.0,81.3,43.4,160.6,2.23,1.065,3077,116.4
2024-02-03 22:45:00,10,2.2,5.0,18.5,30.5,31.4,,61.0,25.0,130.0,2.17,1.1,2015,80.0
2024-02-03 22:50:00,5,69.1,49.8,16.9,48.3,46.2,40.2,113.5,55.2,192.8,2.59,1.18,3304,121.7
2024-02-03 22:55:00,38,24.3,21.9,18.5,40.2,39.4,36.8,78.7,36.7,148.6,2.12,1.024,2816,82.7
2024-02-03 23:00:00,13,11.6,5.7,17.7,34.1,34.0,31.2,63.6,26.0,136.1,2.12,1.001,2388,90.1
2024-02-03 23:05:00,31,62.9,26.9,17.0,54.8,54.7,53.9,116.4,43.0,189.5,2.37,1.125,3678,122.4
2024-02-03 23:10:00,47,68.5,62.8,17.2,53.6,51.6,51.0,112.6,50.6,193.3,2.46,1.176,3626,140.9
2024-02-03 23:15:00,52,25.1,19.6,17.5,38.9,41.4,,77.3,43.9,157.5,2.26,1.065,2715,100.1
2024-02-03 23:20:00,56,66.8,42.8,17.6,55.2,58.2,48.1,107.7,52.9,186.2,2.43,1.145,4025,141.9
2024-02-03 23:25:00,15,82.4,59.2,17.0,58.5,62.4,50.5,127.8,,227.0,2.38,1.174,3842,128.2
2024-02-03 23:30:00,29,61.5,44.6,18.2,51.2,53.5,47.0,121.2,,194.9,2.31,1.121,3271,109.2
2024-02-03 23:35:00,8,60.0,38.2,17.0,49.9,49.8,48.1,107.9,,186.9,2.33,1.145,3228,119.0
2024-02-03 23:40:00,5,55.2,39.4,16.1,47.9,47.8,43.3,106.4,42.7,204.4,2.42,1.18,3233,107.8
2024-02-03 23:45:00,29,52.1,38.4,19.5,46.4,46.2,43.4,117.2,46.9,189.9,2.25,1.062,3356,111.6
2024-02-03 23:50:00,47,66.0,60.2,18.2,47.5,51.0,,122.4,42.9,212.1,2.36,1.098,3280,127.2
2024-02-03 23:55:00,68,11.9,9.5,19.6,42.6,35.60594740067249,40.1,74.2,34.7,144.9,2.07,0.975,2948,
2024-02-04 00:00:00,45,38.2,33.7,17.2,43.0,45.4,38.2,94.9,,177.7,2.32,1.111,2973,97.0
2024-02-04 00:05:00,2,96.7,54.0,18.4,59.3,61.5,49.8,132.5,58.5,219.6,2.6,,3835,138.9
2024-02-04 00:10:00,27,47.0,31.2,18.7,44.0,44.8,41.1,92.0,45.5,178.9,2.35,1.123,3231,112.1
2024-02-04 00:15:00,36,17.2,12.5,17.8,38.5,36.8,35.4,74.9,40.5,147.4,2.35,1.18,2931,90.2
2024-02-04 00:20:00,36,58.5,29.1,16.8,58.2,58.5,,108.1,45.8,179.8,2.4,1.144,3994,135.8
2024-02-04 00:25:00,26,14.6,12.1,17.8,36.5,37.2,37.0,64.9,40.6,152.2,2.17,1.045,2612,85.3
2024-02-04 00:30:00,43,52.3,40.1,18.5,52.4,54.8,45.8,107.4,61.2,200.5,2.3,1.087,3679,131.3
2024-02-04 00:35:00,27,41.7,,18.5,45.4,45.9,42.5,91.2,44.5,155.8,2.32,1.121,3030,102.4
2024-02-04 00:40:00,69,69.0,46.9,18.0,54.29996133807249,53.0,48.1,124.2,52.0,209.1,2.38,1.137,3719,131.4
2024-02-04 00:45:00,20,32.2,26.8,18.7,46.8,48.8,45.7,85.3,48.0,174.8,2.18,1.036,3554,130.5
2024-02-04 00:50:00,11,4.0,5.0,18.7,36.8,37.0,33.6,62.0,29.9,132.1,2.04,0.957,2620,112.9
2024-02-04 00:55:00,38,51.4,43.0,17.6,46.8,43.5,39.1,93.6,48.7,172.2,2.34,1.123,3320,133.2
2024-02-04 01:00:00,6,67.8,45.7,16.8,51.4,52.4,47.8,107.6,52.7,187.5,2.4,1.166,3489,124.8
2024-02-04 01:05:00,23,61.0,47.5,18.2,49.8,51.0,48.1,119.3,51.8,195.2,2.6,1.18,3422,120.3
2024-02-04 01:10:00,47,9.6,6.8,17.4,43.0,42.2,38.3,69.8,33.4,138.0,2.16,1.031,3130,106.2
2024-02-04 01:15:00,46,53.4,49.9,18.1,43.9,44.1,41.4,105.8,56.9,198.9,2.38,1.151,2967,92.4
2024-02-04 01:20:00,12,36.8,22.3,19.1,38.9,40.4,,102.2,31.6,174.5,2.24,1.084,3002,88.4
2024-02-04 01:25:00,13,43.3,27.7,18.3,40.7,41.7,36.6,84.1,52.6,170.6,2.56,1.18,2639,87.9
2024-02-04 01:30:00,62,8.5,5.0,19.0,34.4,32.6,33.8,72.2,34.7,140.4,2.07,,2368,98.7
2024-02-04 01:35:00,60,18.0,,17.2,41.6,44.0,36.3,139.91358488839725,32.7,237.44230287981594,2.15,1.018,2718,
2024-02-04 01:40:00,43,40.8,31.6,18.9,47.5,50.5,43.2,89.1,52.4,177.7,2.38,1.13,3530,124.9
2024-02-04 01:45:00,68,3.4,5.0,19.3,34.0,33.8,32.3,55.0,32.8,130.0,2.13,1.005,2430,91.4
2024-02-04 01:50:00,5,71.0,55.8,18.1,52.7,50.3,47.9,123.7,55.8,221.9,2.35,1.114,3634,123.0
2024-02-04 01:55:00,37,1.7,5.0,19.9,32.1,33.7,28.7,55.0,31.2,130.0,2.11,1.01,2366,
2024-02-04 02:00:00,31,44.2,26.8,17.3,43.0,42.5,43.2,93.5,49.4,178.8,2.38,1.146,3241,108.5
2024-02-04 02:05:00,9,53.7,42.6,17.5,50.19978240726228,51.5,47.8,93.7,49.1,177.5,2.41,1.171,3543,118.5
2024-02-04 02:10:00,51,55.7,33.4,18.5,52.1,55.9,49.0,97.7,42.3,167.4,2.43,1.179,3809,138.5
2024-02-04 02:15:00,29,37.8,21.1,18.0,43.0,41.2,,84.6,44.5,164.1,2.46,1.18,2990,101.5
2024-02-04 02:20:00,40,9.5,6.3,17.4,42.3,41.6,38.7,78.1,38.8,146.7,2.17,1.021,2840,
2024-02-04 02:25:00,41,17.2,8.3,18.5,42.2,42.4,37.9,71.0,41.8,150.6,2.25,1.107,3014,105.9
2024-02-04 02:30:00,11,87.1,,18.3,61.6,64.0,52.9,143.5,54.9,231.8,2.34,1.108,4165,156.9
2024-02-04 02:35:00,23,52.3,46.9,17.5,47.2,53.0,41.3,117.3,56.9,222.5,2.51,1.18,3414,124.9
2024-02-04 02:40:00,1,88.5,47.4,18.2,61.7,62.6,53.1,145.0,,219.9,2.55,1.18,4218,149.2
2024-02-04 02:45:00,46,53.9,31.0,18.6,55.0,53.1,48.5,102.6,49.1,161.9,2.3,1.099,3821,122.6
2024-02-04 02:50:00,21,83.2,58.9,17.5,54.6,48.908317435278676,49.6,128.3,60.2,225.6,2.5,1.18,3468,118.4
2024-02-04 02:55:00,36,68.5,48.8,18.4,51.7,51.0,48.5,117.8,54.6,202.3,2.5,1.169,3592,126.0
2024-02-04 03:00:00,54,27.5,18.6,17.3,39.0,40.6,37.5,79.0,30.6,145.9,2.32,1.093,2732,98.2
2024-02-04 03:05:00,57,50.3,24.6,17.5,44.1,45.2,37.8,103.7,39.1,167.9,2.34,1.137,3284,121.5
2024-02-04 03:10:00,1,24.1,19.0,18.9,37.6,36.6,36.2,71.8,38.3,160.4,2.27,1.084,2805,101.8
2024-02-04 03:15:00,63,26.6,17.4,18.5,39.2,38.5,38.4,66.2,40.5,138.6,2.21,1.051,2784,91.2
2024-02-04 03:20:00,54,26.2,21.7,16.5,42.4,42.3,38.0,86.7,51.8,167.8,2.27,1.063,2747,103.0
2024-02-04 03:25:00,55,68.4,43.2,17.7,49.8,49.9,47.4,111.9,53.8,215.8,2.46,1.174,3420,117.0
2024-02-04 03:30:00,40,31.0,24.9,18.4,43.5,43.9,41.5,77.0,37.2,155.9,2.28,1.103,3240,109.5
2024-02-04 03:35:00,15,50.2,42.0,18.1,48.3,48.9,41.3,93.4,46.5,186.0,2.33,1.102,3360,109.8
2024-02-04 03:40:00,21,34.7,22.6,18.5,42.29954407731316,44.6,43.1,99.9,47.1,180.6,2.31,1.13,2825,98.0
2024-02-04 03:45:00,47,38.0,30.1,18.1,44.3,44.2,39.0,94.1,40.9,170.4,2.22,1.084,3294,
2024-02-04 03:50:00,53,74.7,41.9,17.9,52.1,51.8,48.9,107.6,53.9,191.8,2.49,1.18,3396,129.2
2024-02-04 03:55:00,9,72.2,52.6,17.9,52.1,50.6,48.8,108.3,54.2,191.8,2.41,1.143,3625,125.4
2024-02-04 04:00:00,52,74.8,61.9,18.9,51.3,51.4,44.0,117.5,57.0,212.7,2.39,1.092,3668,
2024-02-04 04:05:00,57,83.9,63.3,18.6,56.2,48.78137424023294,50.9,130.9,55.9,218.9,2.46,,3934,123.4
2024-02-04 04:10:00,26,46.7,44.5,18.3,44.9,42.8,42.7,91.0,,178.5,2.32,1.086,2972,111.7
2024-02-04 04:15:00,41,28.0,21.3,18.1,38.5,38.5,33.0,81.0,42.3,165.0,2.2,1.02,2593,98.2
2024-02-04 04:20:00,35,60.3,,17.6,51.9,54.1,46.9,109.2,42.7,201.9,2.43,1.166,3519,112.3
2024-02-04 04:25:00,63,-1.8691963073093345,24.8,17.8,43.1,44.6,41.3,81.0,34.1,132.2,2.23,1.072,3158,104.9
2024-02-04 04:30:00,25,43.4,,18.9,49.2,50.2,46.7,75.5,48.2,173.9,2.4,1.18,3471,117.1
2024-02-04 04:35:00,38,45.0,23.9,18.8,43.2,44.6,38.7,97.8,45.9,159.6,2.32,1.11,2987,104.6
2024-02-04 04:40:00,2,21.7,13.4,17.5,39.0,38.6,38.8,63.5,27.5,130.0,2.22,1.021,2826,
2024-02-04 04:45:00,7,82.6,48.8,18.1,56.3,55.8,,123.8,57.0,201.8,2.6,1.18,3811,131.7
2024-02-04 04:50:00,34,47.1,36.2,18.4,45.3,47.7,,93.7,41.8,172.4,2.3,1.113,3296,121.8
2024-02-04 04:55:00,17,72.9,55.4,18.3,54.90059099748772,56.7,48.1,109.7,58.2,202.7,2.44,1.169,3897,
2024-02-04 05:00:00,43,52.3,39.7,18.3,49.6,49.0,42.6,108.6,50.8,200.8,2.46,1.18,3438,123.7
2024-02-04 05:05:00,59,76.8,40.6,17.1,55.6,53.3,50.6,112.4,47.2,194.0,2.41,1.143,3851,136.4
2024-02-04 05:10:00,51,29.3,18.5,17.1,46.7,46.1,45.2,79.2,,162.5,2.35,1.149,3229,90.6
2024-02-04 05:15:00,54,88.7,60.7,18.9,59.099676594887185,53.38411062562912,52.8,138.0,55.3,220.8,2.52,1.18,4256,142.1
2024-02-04 05:20:00,24,89.1,45.3,19.2,57.7,57.3,50.2,154.68458281378346,51.7,233.06475140504517,2.48,1.18,4048,149.5
2024-02-04 05:25:00,25,36.4,22.2,16.8,43.5,44.5,41.2,83.1,41.2,159.1,2.35,1.13,3036,100.7
2024-02-04 05:30:00,52,85.9,72.4,18.0,56.1,58.7,50.7,126.6,57.9,238.4,2.51,1.18,3761,123.5
2024-02-04 05:35:00,70,13.2,,18.7,35.1,35.5,33.7,74.9,26.4,143.2,2.31,1.105,2595,101.5
2024-02-04 05:40:00,33,35.1,29.9,16.2,38.5,39.3,34.1,99.7,48.5,180.8,2.28,1.097,2814,
2024-02-04 05:45:00,49,0.5,5.0,17.1,36.5,38.0,32.9,55.0,33.3,130.0,2.11,0.976,2522,102.4
2024-02-04 05:50:00,29,44.6,29.8,17.9,49.8,48.7,44.0,88.8,47.8,163.5,2.28,1.09,3424,117.1
2024-02-04 05:55:00,63,17.9,11.3,17.5,38.5,37.8,36.3,72.1,31.7,141.7,2.18,1.063,2714,106.8
2024-02-04 06:00:00,22,22.2,17.5,18.2,45.3,46.9,40.6,79.6,33.7,145.9,2.19,1.053,3014,100.0
2024-02-04 06:05:00,26,40.2,24.8,19.2,44.5,45.1,,86.0,36.1,162.9,2.41,1.18,3147,91.0
2024-02-04 06:10:00,28,80.7,50.2,17.3,49.3,50.0,43.3,130.0,51.7,206.0,2.53,1.18,3207,119.0
2024-02-04 06:15:00,49,67.9,47.4,18.0,54.7,55.3,50.2,107.0,52.5,191.8,2.5,1.18,3624,
2024-02-04 06:20:00,49,7.5,5.0,17.7,35.4,29.61848069265418,34.2,55.0,29.5,130.0,2.15,1.038,2452,93.8
2024-02-04 06:25:00,20,52.6,28.8,18.1,59.2822450923967,59.01130147756581,46.9,106.4,50.8,183.4,2.33,1.092,3485,121.2
2024-02-04 06:30:00,63,13.6,9.1,18.0,34.6,35.7,33.9,76.1,30.9,146.8,2.2,1.045,2539,103.0
2024-02-04 06:35:00,61,40.0,30.0,20.1,46.2,48.6,41.3,100.3,44.7,189.0,2.43,1.158,3291,123.3
2024-02-04 06:40:00,49,7.4,5.0,19.2,34.5,37.4,,55.0,,130.0,2.05,0.963,2670,102.3
2024-02-04 06:45:00,1,8.9,6.1,16.7,37.8,41.7,35.1,61.8,29.4,141.1,2.18,1.087,2703,97.7
2024-02-04 06:50:00,13,42.1,22.4,17.3,47.8,47.5,41.6,91.7,39.6,177.5,2.43,1.164,3386,108.8
2024-02-04 06:55:00,51,46.4,37.0,17.4,48.2,52.4,39.8,111.1,42.5,177.8,2.27,1.119,3205,114.0
2024-02-04 07:00:00,56,73.7,53.3,17.0,53.6,52.5,44.7,117.7,54.4,213.7,2.54,1.18,3567,128.5
2024-02-04 07:05:00,62,7.9,5.8,16.9,32.8,36.2,26.0,55.5,34.8,130.0,2.21,1.04,2365,101.8
2024-02-04 07:10:00,32,76.4,57.4,17.9,56.3,55.8,51.4,123.5,61.3,219.0,2.38,1.131,3932,139.8
2024-02-04 07:15:00,30,82.9,58.7,17.4,58.8,59.2,52.0,136.8,51.0,227.6,2.6,1.18,4131,136.0
2024-02-04 07:20:00,29,56.2,36.5,17.3,45.9,46.5,41.8,113.8,47.3,199.9,2.33,1.11,3419,124.4
2024-02-04 07:25:00,49,11.3,9.3,19.6,35.1,34.3,32.5,73.6,33.9,137.8,2.19,1.037,2342,94.8
2024-02-04 07:30:00,45,49.6,,17.5,50.6,51.3,46.8,101.8,36.8,169.0,2.43,1.177,3796,146.9
2024-02-04 07:35:00,30,99.79957600278584,97.70783856507023,17.6,65.70951740263597,50.7,47.6,96.4,45.3,172.5,2.54,1.18,3370,118.2
2024-02-04 07:40:00,16,99.40327570803052,97.53689693758045,18.6,64.74469057080819,44.0,41.4,101.6,48.6,194.3,2.24,1.082,3244,113.2
2024-02-04 07:45:00,40,99.93239110902292,97.67955554877246,17.6,64.8658971687921,38.8,35.5,69.6,26.4,130.0,2.29,1.128,2538,80.0
2024-02-04 07:50:00,19,98.1646972426878,95.01728886982141,17.1,64.34600993676378,48.1,41.2,97.4,44.5,175.6,2.46,1.168,3287,111.4
2024-02-04 07:55:00,18,43.1,32.2,17.8,46.3,46.4,44.8,100.1,33.9,181.6,2.4,1.172,3028,111.1
2024-02-04 08:00:00,1,36.1,21.7,19.6,42.8,44.7,35.3,87.5,39.3,167.4,2.31,1.133,2610,81.5
2024-02-04 08:05:00,47,80.2,48.9,17.6,54.1,53.3,47.3,121.2,41.7,206.4,2.47,1.18,3794,149.5
2024-02-04 08:10:00,66,30.8,23.4,17.3,46.0,44.6,43.5,93.0,37.5,164.3,2.17,0.999,3217,111.0
2024-02-04 08:15:00,38,-1.5332927825637124,42.5,18.3,43.1,44.3,41.6,106.3,46.9,178.9,2.28,1.126,3206,114.5
2024-02-04 08:20:00,51,45.4,36.4,17.8,48.0,51.2,44.3,96.8,,179.3,2.38,1.127,3379,122.1
2024-02-04 08:25:00,63,59.3,44.1,20.2,52.7,53.5,47.4,114.6,48.6,192.7,2.48,1.154,3566,134.6
2024-02-04 08:30:00,4,63.9,41.0,17.4,49.1,50.9,48.1,103.1,42.3,198.2,2.41,1.18,3360,120.8
2024-02-04 08:35:00,1,51.4,39.1,19.4,50.7,53.4,46.3,92.2,41.5,167.4,2.32,1.12,4027,132.4
2024-02-04 08:40:00,8,67.8,56.0,18.9,49.1,49.5,44.6,125.1,47.1,212.4,2.44,1.18,3308,
2024-02-04 08:45:00,29,92.3,68.9,17.7,56.1,56.4,53.0,129.1,62.0,239.7,2.51,1.18,3984,148.5
2024-02-04 08:50:00,55,22.8,17.5,18.0,38.40006257244594,39.6,36.3,83.8,38.7,148.7,2.22,1.061,2785,92.3
2024-02-04 08:55:00,3,50.8,34.7,17.2,50.6,52.0,47.4,86.5,48.9,152.2,2.3,1.096,3620,133.7
2024-02-04 09:00:00,32,45.1,36.2,17.6,41.0,39.4,39.6,76.0,43.8,158.7,2.37,1.125,2972,107.8
2024-02-04 09:05:00,10,65.1,,17.7,56.2,57.1,49.7,142.70090687320587,,238.81317991938246,2.52,1.18,3872,136.5
2024-02-04 09:10:00,34,54.8,40.3,18.1,47.8,48.3,46.9,102.8,,181.1,2.41,1.16,3088,104.5
2024-02-04 09:15:00,55,74.2,72.0,16.9,55.4,54.7,44.7,122.4,62.5,210.6,2.46,1.156,3884,
2024-02-04 09:20:00,32,56.3,42.6,18.2,50.7,51.1,15.886255999246774,120.0,43.3,200.9,2.46,1.18,3542,128.2
2024-02-04 09:25:00,50,50.3,33.0,17.9,48.0,46.8,42.1,90.3,39.5,164.6,2.35,1.091,3387,116.2
2024-02-04 09:30:00,7,47.6,31.2,18.3,45.1,43.3,40.2,98.4,46.3,182.3,2.41,1.18,2100,107.5
2024-02-04 09:35:00,8,48.3,33.5,18.4,50.8,45.82143565020985,46.7,110.5,45.6,182.0,2.29,1.093,3492,114.9
2024-02-04 09:40:00,65,71.8,56.7,17.8,51.4,53.3,45.0,108.7,61.2,207.5,2.42,1.138,3501,125.6
2024-02-04 09:45:00,57,22.0,15.7,18.4,38.3,38.3,35.3,72.9,45.7,160.2,2.13,1.026,2856,105.8
2024-02-04 09:50:00,67,94.4,59.7,17.9,61.2,60.3,54.3,121.4,49.3,193.7,2.53,1.18,4200,146.1
2024-02-04 09:55:00,59,86.2,54.5,18.6,57.0,56.3,55.0,145.0,52.4,240.0,2.6,1.18,3892,150.9
2024-02-04 10:00:00,54,60.5,43.3,18.3,54.2,55.5,47.2,90.8,50.1,177.9,2.33,1.126,3693,116.2
2024-02-04 10:05:00,67,65.5,46.1,18.1,51.2,54.2,42.9,118.8,52.6,213.2,2.24,1.051,3668,132.0
2024-02-04 10:10:00,51,17.7,13.2,17.9,37.5,39.1,36.8,63.6,41.0,130.0,2.16,1.067,2633,80.0
2024-02-04 10:15:00,8,54.9,43.7,19.0,49.59951516471531,52.0,43.5,144.3306185805412,53.3,231.47718429800074,2.28,1.131,3802,132.6
2024-02-04 10:20:00,34,29.3,28.9,18.3,41.0,39.9,37.4,91.9,48.7,162.5,2.21,1.043,2907,105.6
2024-02-04 10:25:00,35,15.7,8.6,16.9,37.1,37.4,32.7,66.6,34.2,130.0,2.35,1.101,2456,87.1
2024-02-04 10:30:00,32,61.5,47.5,17.6,52.9,54.9,49.1,114.4,48.2,199.8,2.34,1.108,3626,111.9
2024-02-04 10:35:00,46,52.4,,17.8,53.6,52.0,45.5,112.9,,202.2,2.41,1.147,3837,133.8
2024-02-04 10:40:00,16,24.9,12.6,18.0,40.50015602692206,40.0,31.5,81.6,36.4,153.2,2.22,1.081,2776,99.2
2024-02-04 10:45:00,68,29.6,24.6,18.1,39.5,41.4,38.9,90.8,39.9,181.1,2.28,1.079,2796,
2024-02-04 10:50:00,37,71.9,53.5,17.2,52.5,53.4,47.7,118.1,48.7,202.0,2.42,,3814,122.4
2024-02-04 10:55:00,54,70.8,55.5,17.9,54.2,53.3,50.9,159.82407000783078,55.8,237.6267535881056,2.55,,5048,149.9
2024-02-04 11:00:00,14,86.4,45.0,17.7,57.4,55.4,53.9,124.0,55.3,213.8,2.57,1.18,3912,116.9
2024-02-04 11:05:00,55,69.9,47.3,18.9,56.1,58.6,,131.4,48.8,214.4,2.49,1.18,3866,125.2
2024-02-04 11:10:00,48,50.0,29.3,17.2,49.5,46.9,44.8,105.9,,175.6,2.36,1.141,3481,124.1
2024-02-04 11:15:00,7,61.1,56.6,18.0,47.0,48.4,43.6,113.0,56.7,207.7,2.51,1.18,3498,125.8
